Postcode,Latitude,Longitude,Side,Closest_Any,Distance_Any_km,Closest_L1,Distance_L1_km,Closest_L2,Distance_L2_km,Closest_L3,Distance_L3_km
TW134JB,51.435598,-0.422013,South,St Peters Hospital,9.7,Epsom Hospital,16.01,Kingston Hospital,10.02,St Peters Hospital,9.7
TW134JD,51.439963,-0.421625,South,St Peters Hospital,10.05,Epsom Hospital,16.37,Kingston Hospital,10.12,St Peters Hospital,10.05
TW134JX,51.439355,-0.421236,South,St Peters Hospital,10.02,Epsom Hospital,16.3,Kingston Hospital,10.07,St Peters Hospital,10.02
TW134LD,51.440734,-0.422792,South,St Peters Hospital,10.05,Epsom Hospital,16.48,Kingston Hospital,10.22,St Peters Hospital,10.05
TW134LE,51.441823,-0.42356,South,St Peters Hospital,10.1,Epsom Hospital,16.61,Kingston Hospital,10.3,St Peters Hospital,10.1
TW134LF,51.44135,-0.422469,South,St Peters Hospital,10.11,Epsom Hospital,16.52,Kingston Hospital,10.22,St Peters Hospital,10.11
TW134LL,51.441986,-0.42226,South,St Peters Hospital,10.17,Epsom Hospital,16.57,Kingston Hospital,10.22,St Peters Hospital,10.17
TW134LN,51.442792,-0.422678,South,St Peters Hospital,10.22,Epsom Hospital,16.66,Kingston Hospital,10.28,St Peters Hospital,10.22
TW134LP,51.443962,-0.423415,South,St Peters Hospital,10.27,Epsom Hospital,16.79,Kingston Hospital,10.37,St Peters Hospital,10.27
TW134LR,51.440892,-0.424485,South,St Peters Hospital,9.98,Epsom Hospital,16.57,Kingston Hospital,10.34,St Peters Hospital,9.98
TW134LS,51.442297,-0.424019,South,St Peters Hospital,10.11,Epsom Hospital,16.67,Kingston Hospital,10.35,St Peters Hospital,10.11
TW134LT,51.439709,-0.422784,South,St Peters Hospital,9.97,Epsom Hospital,16.39,Kingston Hospital,10.19,St Peters Hospital,9.97
TW134LU,51.439771,-0.422063,South,St Peters Hospital,10.01,Epsom Hospital,16.37,Kingston Hospital,10.14,St Peters Hospital,10.01
TW134LX,51.440306,-0.422433,South,St Peters Hospital,10.03,Epsom Hospital,16.43,Kingston Hospital,10.18,St Peters Hospital,10.03
TW134LY,51.440329,-0.421425,South,St Peters Hospital,10.09,Epsom Hospital,16.39,Kingston Hospital,10.11,St Peters Hospital,10.09
TW134LZ,51.439306,-0.423604,South,St Peters Hospital,9.9,Epsom Hospital,16.4,Kingston Hospital,10.23,St Peters Hospital,9.9
TW134NA,51.442057,-0.430884,South,St Peters Hospital,9.77,Epsom Hospital,16.96,Kingston Hospital,10.8,St Peters Hospital,9.77
TW134NB,51.440194,-0.438883,South,St Peters Hospital,9.24,Epsom Hospital,17.17,Kingston Hospital,11.28,St Peters Hospital,9.24
TW134ND,51.441515,-0.434075,South,St Peters Hospital,9.57,Epsom Hospital,17.05,Kingston Hospital,10.99,St Peters Hospital,9.57
TW134NE,51.440156,-0.436006,South,St Peters Hospital,9.37,Epsom Hospital,17.03,Kingston Hospital,11.08,St Peters Hospital,9.37
TW134NG,51.440156,-0.436006,South,St Peters Hospital,9.37,Epsom Hospital,17.03,Kingston Hospital,11.08,St Peters Hospital,9.37
TW134NH,51.440156,-0.436006,South,St Peters Hospital,9.37,Epsom Hospital,17.03,Kingston Hospital,11.08,St Peters Hospital,9.37
TW134NJ,51.440156,-0.436006,South,St Peters Hospital,9.37,Epsom Hospital,17.03,Kingston Hospital,11.08,St Peters Hospital,9.37
TW134NL,51.440156,-0.436006,South,St Peters Hospital,9.37,Epsom Hospital,17.03,Kingston Hospital,11.08,St Peters Hospital,9.37
TW134NN,51.440156,-0.436006,South,St Peters Hospital,9.37,Epsom Hospital,17.03,Kingston Hospital,11.08,St Peters Hospital,9.37
TW134NP,51.441717,-0.434413,South,St Peters Hospital,9.57,Epsom Hospital,17.09,Kingston Hospital,11.02,St Peters Hospital,9.57
TW134NQ,51.440156,-0.436006,South,St Peters Hospital,9.37,Epsom Hospital,17.03,Kingston Hospital,11.08,St Peters Hospital,9.37
TW134NW,51.440156,-0.436006,South,St Peters Hospital,9.37,Epsom Hospital,17.03,Kingston Hospital,11.08,St Peters Hospital,9.37
TW134PE,51.436297,-0.419823,South,St Peters Hospital,9.86,Epsom Hospital,15.97,Kingston Hospital,9.89,St Peters Hospital,9.86
TW134PF,51.436381,-0.42072,South,St Peters Hospital,9.82,Epsom Hospital,16.02,Kingston Hospital,9.95,St Peters Hospital,9.82
TW134PG,51.435234,-0.419673,South,St Peters Hospital,9.79,Epsom Hospital,15.87,Kingston Hospital,9.85,St Peters Hospital,9.79
TW134PJ,51.432584,-0.418534,South,St Peters Hospital,9.66,Epsom Hospital,15.6,Kingston Hospital,9.71,St Peters Hospital,9.66
TW134PL,51.432375,-0.419066,South,St Peters Hospital,9.62,Epsom Hospital,15.6,Kingston Hospital,9.75,St Peters Hospital,9.62
TW134PP,51.432832,-0.420317,South,St Peters Hospital,9.58,Epsom Hospital,15.7,Kingston Hospital,9.84,St Peters Hospital,9.58
TW134PQ,51.433782,-0.418759,South,St Peters Hospital,9.74,Epsom Hospital,15.71,Kingston Hospital,9.76,St Peters Hospital,9.74
TW134PR,51.432435,-0.422848,South,St Peters Hospital,9.42,Epsom Hospital,15.78,Kingston Hospital,10.0,St Peters Hospital,9.42
TW134PS,51.431977,-0.422936,South,St Peters Hospital,9.38,Epsom Hospital,15.75,Kingston Hospital,10.0,St Peters Hospital,9.38
TW134PT,51.431802,-0.424625,South,St Peters Hospital,9.28,Epsom Hospital,15.81,Kingston Hospital,10.11,St Peters Hospital,9.28
TW134PU,51.432009,-0.425322,South,St Peters Hospital,9.26,Epsom Hospital,15.86,Kingston Hospital,10.16,St Peters Hospital,9.26
TW134PW,51.433075,-0.420956,South,St Peters Hospital,9.57,Epsom Hospital,15.75,Kingston Hospital,9.89,St Peters Hospital,9.57
TW134PX,51.43244,-0.424574,South,St Peters Hospital,9.33,Epsom Hospital,15.86,Kingston Hospital,10.12,St Peters Hospital,9.33
TW134PY,51.433731,-0.420257,South,St Peters Hospital,9.65,Epsom Hospital,15.77,Kingston Hospital,9.86,St Peters Hospital,9.65
TW134PZ,51.433619,-0.421987,South,St Peters Hospital,9.55,Epsom Hospital,15.84,Kingston Hospital,9.97,St Peters Hospital,9.55
TW134QA,51.433092,-0.424911,South,St Peters Hospital,9.36,Epsom Hospital,15.93,Kingston Hospital,10.16,St Peters Hospital,9.36
TW134QB,51.433397,-0.424843,South,St Peters Hospital,9.39,Epsom Hospital,15.95,Kingston Hospital,10.16,St Peters Hospital,9.39
TW134QD,51.433866,-0.422252,South,St Peters Hospital,9.56,Epsom Hospital,15.87,Kingston Hospital,10.0,St Peters Hospital,9.56
TW134QE,51.434684,-0.420958,South,St Peters Hospital,9.69,Epsom Hospital,15.89,Kingston Hospital,9.93,St Peters Hospital,9.69
TW134QF,51.433941,-0.419875,South,St Peters Hospital,9.69,Epsom Hospital,15.77,Kingston Hospital,9.84,St Peters Hospital,9.69
TW134QG,51.435059,-0.420758,South,St Peters Hospital,9.72,Epsom Hospital,15.91,Kingston Hospital,9.92,St Peters Hospital,9.72
TW134QH,51.435858,-0.421996,South,St Peters Hospital,9.72,Epsom Hospital,16.03,Kingston Hospital,10.03,St Peters Hospital,9.72
TW134QJ,51.436406,-0.424625,South,St Peters Hospital,9.62,Epsom Hospital,16.2,Kingston Hospital,10.22,St Peters Hospital,9.62
TW134QL,51.436705,-0.427463,South,St Peters Hospital,9.51,Epsom Hospital,16.35,Kingston Hospital,10.42,St Peters Hospital,9.51
TW134QN,51.436638,-0.427134,South,St Peters Hospital,9.52,Epsom Hospital,16.33,Kingston Hospital,10.39,St Peters Hospital,9.52
TW134QP,51.437835,-0.423209,South,St Peters Hospital,9.81,Epsom Hospital,16.25,Kingston Hospital,10.16,St Peters Hospital,9.81
TW134QQ,51.432497,-0.420141,South,St Peters Hospital,9.57,Epsom Hospital,15.66,Kingston Hospital,9.82,St Peters Hospital,9.57
TW134QR,51.437037,-0.425387,South,St Peters Hospital,9.63,Epsom Hospital,16.28,Kingston Hospital,10.29,St Peters Hospital,9.63
TW134QS,51.436169,-0.423698,South,St Peters Hospital,9.65,Epsom Hospital,16.13,Kingston Hospital,10.15,St Peters Hospital,9.65
TW134QT,51.434996,-0.424702,South,St Peters Hospital,9.51,Epsom Hospital,16.08,Kingston Hospital,10.19,St Peters Hospital,9.51
TW134QU,51.436121,-0.424174,South,St Peters Hospital,9.63,Epsom Hospital,16.15,Kingston Hospital,10.18,St Peters Hospital,9.63
TW134QW,51.432209,-0.421417,South,St Peters Hospital,9.48,Epsom Hospital,15.7,Kingston Hospital,9.9,St Peters Hospital,9.48
TW134QX,51.435671,-0.425427,South,St Peters Hospital,9.53,Epsom Hospital,16.17,Kingston Hospital,10.25,St Peters Hospital,9.53
TW134QY,51.436014,-0.42484,South,St Peters Hospital,9.58,Epsom Hospital,16.17,Kingston Hospital,10.22,St Peters Hospital,9.58
TW134QZ,51.437208,-0.424712,South,St Peters Hospital,9.68,Epsom Hospital,16.27,Kingston Hospital,10.25,St Peters Hospital,9.68
TW134RA,51.436581,-0.426216,South,St Peters Hospital,9.56,Epsom Hospital,16.28,Kingston Hospital,10.33,St Peters Hospital,9.56
TW134RB,51.435651,-0.425931,South,St Peters Hospital,9.5,Epsom Hospital,16.19,Kingston Hospital,10.29,St Peters Hospital,9.5
TW134RD,51.434617,-0.42601,South,St Peters Hospital,9.42,Epsom Hospital,16.11,Kingston Hospital,10.27,St Peters Hospital,9.42
TW134RE,51.435115,-0.422209,South,St Peters Hospital,9.65,Epsom Hospital,15.98,Kingston Hospital,10.02,St Peters Hospital,9.65
TW134RF,51.438616,-0.425815,South,St Peters Hospital,9.74,Epsom Hospital,16.44,Kingston Hospital,10.36,St Peters Hospital,9.74
TW134RG,51.434534,-0.424516,South,St Peters Hospital,9.49,Epsom Hospital,16.03,Kingston Hospital,10.16,St Peters Hospital,9.49
TW134RH,51.434153,-0.424889,South,St Peters Hospital,9.44,Epsom Hospital,16.02,Kingston Hospital,10.18,St Peters Hospital,9.44
TW134RJ,51.432889,-0.426544,South,St Peters Hospital,9.26,Epsom Hospital,15.99,Kingston Hospital,10.27,St Peters Hospital,9.26
TW134RL,51.431699,-0.426988,South,St Peters Hospital,9.15,Epsom Hospital,15.91,Kingston Hospital,10.27,St Peters Hospital,9.15
TW134RN,51.436021,-0.426738,South,St Peters Hospital,9.49,Epsom Hospital,16.26,Kingston Hospital,10.35,St Peters Hospital,9.49
TW134RP,51.438709,-0.425365,South,St Peters Hospital,9.76,Epsom Hospital,16.42,Kingston Hospital,10.33,St Peters Hospital,9.76
TW134RQ,51.434608,-0.422658,South,St Peters Hospital,9.59,Epsom Hospital,15.96,Kingston Hospital,10.04,St Peters Hospital,9.59
TW134RR,51.438539,-0.424709,South,St Peters Hospital,9.78,Epsom Hospital,16.38,Kingston Hospital,10.28,St Peters Hospital,9.78
TW134RS,51.435422,-0.427651,South,St Peters Hospital,9.4,Epsom Hospital,16.25,Kingston Hospital,10.4,St Peters Hospital,9.4
TW134RT,51.437945,-0.424716,South,St Peters Hospital,9.74,Epsom Hospital,16.33,Kingston Hospital,10.27,St Peters Hospital,9.74
TW134RU,51.435207,-0.436492,South,St Peters Hospital,8.94,Epsom Hospital,16.65,Kingston Hospital,10.99,St Peters Hospital,8.94
TW134RW,51.435945,-0.427791,South,St Peters Hospital,9.43,Epsom Hospital,16.3,Kingston Hospital,10.42,St Peters Hospital,9.43
TW134RX,51.435736,-0.436992,South,St Peters Hospital,8.96,Epsom Hospital,16.71,Kingston Hospital,11.04,St Peters Hospital,8.96
TW134RY,51.435613,-0.438622,South,St Peters Hospital,8.88,Epsom Hospital,16.78,Kingston Hospital,11.15,St Peters Hospital,8.88
TW134RZ,51.435948,-0.436078,South,St Peters Hospital,9.02,Epsom Hospital,16.69,Kingston Hospital,10.98,St Peters Hospital,9.02
TW134SB,51.437707,-0.424364,South,St Peters Hospital,9.74,Epsom Hospital,16.29,Kingston Hospital,10.24,St Peters Hospital,9.74
TW134SD,51.437648,-0.424697,South,St Peters Hospital,9.72,Epsom Hospital,16.3,Kingston Hospital,10.26,St Peters Hospital,9.72
TW134SE,51.437608,-0.425044,South,St Peters Hospital,9.7,Epsom Hospital,16.32,Kingston Hospital,10.28,St Peters Hospital,9.7
TW134SF,51.437585,-0.425347,South,St Peters Hospital,9.68,Epsom Hospital,16.33,Kingston Hospital,10.3,St Peters Hospital,9.68
TW134SG,51.43831,-0.425739,South,St Peters Hospital,9.72,Epsom Hospital,16.41,Kingston Hospital,10.34,St Peters Hospital,9.72
TW134SH,51.439934,-0.426201,South,St Peters Hospital,9.82,Epsom Hospital,16.57,Kingston Hospital,10.42,St Peters Hospital,9.82
TW134SJ,51.440312,-0.426159,South,St Peters Hospital,9.85,Epsom Hospital,16.6,Kingston Hospital,10.43,St Peters Hospital,9.85
TW134SL,51.439835,-0.425514,South,St Peters Hospital,9.85,Epsom Hospital,16.53,Kingston Hospital,10.37,St Peters Hospital,9.85
TW134SN,51.439892,-0.425023,South,St Peters Hospital,9.87,Epsom Hospital,16.51,Kingston Hospital,10.34,St Peters Hospital,9.87
TW134SP,51.439347,-0.424667,South,St Peters Hospital,9.85,Epsom Hospital,16.45,Kingston Hospital,10.3,St Peters Hospital,9.85
TW134SQ,51.4389,-0.424812,South,St Peters Hospital,9.81,Epsom Hospital,16.42,Kingston Hospital,10.3,St Peters Hospital,9.81
TW134SR,51.439334,-0.425646,South,St Peters Hospital,9.8,Epsom Hospital,16.49,Kingston Hospital,10.37,St Peters Hospital,9.8
TW134SS,51.439573,-0.426055,South,St Peters Hospital,9.8,Epsom Hospital,16.53,Kingston Hospital,10.4,St Peters Hospital,9.8
TW134TA,51.441478,-0.425975,South,St Peters Hospital,9.95,Epsom Hospital,16.69,Kingston Hospital,10.45,St Peters Hospital,9.95
TW134TB,51.442366,-0.425786,South,St Peters Hospital,10.03,Epsom Hospital,16.75,Kingston Hospital,10.47,St Peters Hospital,10.03
TW134TD,51.442581,-0.425074,South,St Peters Hospital,10.08,Epsom Hospital,16.74,Kingston Hospital,10.43,St Peters Hospital,10.08
TW134TE,51.443123,-0.425242,South,St Peters Hospital,10.12,Epsom Hospital,16.8,Kingston Hospital,10.46,St Peters Hospital,10.12
TW134TF,51.443698,-0.425237,South,St Peters Hospital,10.17,Epsom Hospital,16.85,Kingston Hospital,10.48,St Peters Hospital,10.17
TW134TG,51.444201,-0.425177,South,St Peters Hospital,10.21,Epsom Hospital,16.89,Kingston Hospital,10.49,St Peters Hospital,10.21
TW134TH,51.444675,-0.423649,South,St Peters Hospital,10.32,Epsom Hospital,16.86,Kingston Hospital,10.41,St Peters Hospital,10.32
TW134TJ,51.444072,-0.42426,South,St Peters Hospital,10.24,Epsom Hospital,16.84,Kingston Hospital,10.42,St Peters Hospital,10.24
TW134TL,51.443453,-0.424411,South,St Peters Hospital,10.19,Epsom Hospital,16.79,Kingston Hospital,10.41,St Peters Hospital,10.19
TW134TN,51.442635,-0.424439,South,St Peters Hospital,10.12,Epsom Hospital,16.72,Kingston Hospital,10.39,St Peters Hospital,10.12
TW134TP,51.441269,-0.425148,South,St Peters Hospital,9.98,Epsom Hospital,16.63,Kingston Hospital,10.39,St Peters Hospital,9.98
TW134TQ,51.443734,-0.426574,South,St Peters Hospital,10.11,Epsom Hospital,16.91,Kingston Hospital,10.57,St Peters Hospital,10.11
TW134TR,51.435924,-0.427547,South,St Peters Hospital,9.44,Epsom Hospital,16.29,Kingston Hospital,10.4,St Peters Hospital,9.44
TW134WD,51.443734,-0.426574,South,St Peters Hospital,10.11,Epsom Hospital,16.91,Kingston Hospital,10.57,St Peters Hospital,10.11
TW134WN,51.443734,-0.426574,South,St Peters Hospital,10.11,Epsom Hospital,16.91,Kingston Hospital,10.57,St Peters Hospital,10.11
TW134XB,51.435662,-0.43616,South,St Peters Hospital,9.0,Epsom Hospital,16.67,Kingston Hospital,10.98,St Peters Hospital,9.0
TW134XD,51.435662,-0.43616,South,St Peters Hospital,9.0,Epsom Hospital,16.67,Kingston Hospital,10.98,St Peters Hospital,9.0
TW134XE,51.435662,-0.43616,South,St Peters Hospital,9.0,Epsom Hospital,16.67,Kingston Hospital,10.98,St Peters Hospital,9.0
TW134XF,51.435662,-0.43616,South,St Peters Hospital,9.0,Epsom Hospital,16.67,Kingston Hospital,10.98,St Peters Hospital,9.0
TW134XR,51.435662,-0.43616,South,St Peters Hospital,9.0,Epsom Hospital,16.67,Kingston Hospital,10.98,St Peters Hospital,9.0
TW134ZA,51.435662,-0.43616,South,St Peters Hospital,9.0,Epsom Hospital,16.67,Kingston Hospital,10.98,St Peters Hospital,9.0
TW148AA,51.452215,-0.427304,South,St Peters Hospital,10.78,Epsom Hospital,17.68,Kingston Hospital,10.93,St Peters Hospital,10.78
TW148AB,51.452824,-0.427787,South,St Peters Hospital,10.81,Epsom Hospital,17.75,Kingston Hospital,10.99,St Peters Hospital,10.81
TW148AD,51.452486,-0.428777,South,St Peters Hospital,10.74,Epsom Hospital,17.76,Kingston Hospital,11.04,St Peters Hospital,10.74
TW148AE,51.451683,-0.427193,South,St Peters Hospital,10.74,Epsom Hospital,17.63,Kingston Hospital,10.91,St Peters Hospital,10.74
TW148AF,51.452252,-0.429404,South,St Peters Hospital,10.69,Epsom Hospital,17.77,Kingston Hospital,11.07,St Peters Hospital,10.69
TW148AG,51.451684,-0.429323,South,St Peters Hospital,10.65,Epsom Hospital,17.72,Kingston Hospital,11.04,St Peters Hospital,10.65
TW148AH,51.450745,-0.431701,South,St Peters Hospital,10.46,Epsom Hospital,17.74,Kingston Hospital,11.16,St Peters Hospital,10.46
TW148AJ,51.450922,-0.429464,South,St Peters Hospital,10.58,Epsom Hospital,17.66,Kingston Hospital,11.02,St Peters Hospital,10.58
TW148AL,51.450091,-0.429896,South,St Peters Hospital,10.48,Epsom Hospital,17.6,Kingston Hospital,11.02,St Peters Hospital,10.48
TW148AN,51.44955,-0.42777,South,St Peters Hospital,10.53,Epsom Hospital,17.46,Kingston Hospital,10.86,St Peters Hospital,10.53
TW148AP,51.448715,-0.427137,South,St Peters Hospital,10.49,Epsom Hospital,17.36,Kingston Hospital,10.78,St Peters Hospital,10.49
TW148AQ,51.450423,-0.430503,South,St Peters Hospital,10.49,Epsom Hospital,17.66,Kingston Hospital,11.07,St Peters Hospital,10.49
TW148AR,51.448233,-0.426794,South,St Peters Hospital,10.47,Epsom Hospital,17.31,Kingston Hospital,10.74,St Peters Hospital,10.47
TW148AS,51.447734,-0.426437,South,St Peters Hospital,10.44,Epsom Hospital,17.25,Kingston Hospital,10.7,St Peters Hospital,10.44
TW148AT,51.447949,-0.425738,South,St Peters Hospital,10.49,Epsom Hospital,17.24,Kingston Hospital,10.66,St Peters Hospital,10.49
TW148AW,51.448855,-0.428226,South,St Peters Hospital,10.45,Epsom Hospital,17.42,Kingston Hospital,10.86,St Peters Hospital,10.45
TW148AZ,51.45162,-0.426519,South,St Peters Hospital,10.77,Epsom Hospital,17.59,Kingston Hospital,10.86,St Peters Hospital,10.77
TW148BA,51.447495,-0.428042,South,St Peters Hospital,10.35,Epsom Hospital,17.3,Kingston Hospital,10.8,St Peters Hospital,10.35
TW148BB,51.45102,-0.426036,South,St Peters Hospital,10.74,Epsom Hospital,17.52,Kingston Hospital,10.8,St Peters Hospital,10.74
TW148BD,51.447242,-0.428626,South,St Peters Hospital,10.3,Epsom Hospital,17.3,Kingston Hospital,10.82,St Peters Hospital,10.3
TW148BE,51.447507,-0.428934,South,St Peters Hospital,10.31,Epsom Hospital,17.34,Kingston Hospital,10.85,St Peters Hospital,10.31
TW148BF,51.447252,-0.442859,South,St Peters Hospital,9.68,Epsom Hospital,17.94,Kingston Hospital,11.76,St Peters Hospital,9.68
TW148BG,51.447269,-0.430007,South,St Peters Hospital,10.24,Epsom Hospital,17.36,Kingston Hospital,10.92,St Peters Hospital,10.24
TW148BH,51.447252,-0.442859,South,St Peters Hospital,9.68,Epsom Hospital,17.94,Kingston Hospital,11.76,St Peters Hospital,9.68
TW148BJ,51.44789,-0.442837,South,St Peters Hospital,9.74,Epsom Hospital,17.99,Kingston Hospital,11.78,St Peters Hospital,9.74
TW148BL,51.453625,-0.427832,South,St Peters Hospital,10.88,Epsom Hospital,17.82,Kingston Hospital,11.03,St Peters Hospital,10.88
TW148BN,51.453386,-0.428804,South,St Peters Hospital,10.82,Epsom Hospital,17.84,Kingston Hospital,11.08,St Peters Hospital,10.82
TW148BP,51.452397,-0.430867,South,St Peters Hospital,10.64,Epsom Hospital,17.85,Kingston Hospital,11.17,St Peters Hospital,10.64
TW148BS,51.453188,-0.431502,South,St Peters Hospital,10.68,Epsom Hospital,17.94,Kingston Hospital,11.24,St Peters Hospital,10.68
TW148BT,51.453528,-0.429987,South,St Peters Hospital,10.78,Epsom Hospital,17.91,Kingston Hospital,11.16,St Peters Hospital,10.78
TW148BU,51.453752,-0.429281,South,St Peters Hospital,10.83,Epsom Hospital,17.9,Kingston Hospital,11.13,St Peters Hospital,10.83
TW148BW,51.453453,-0.428471,South,St Peters Hospital,10.84,Epsom Hospital,17.84,Kingston Hospital,11.06,St Peters Hospital,10.84
TW148BY,51.448093,-0.443247,South,St Peters Hospital,9.74,Epsom Hospital,18.02,Kingston Hospital,11.81,St Peters Hospital,9.74
TW148DA,51.454133,-0.427526,South,St Peters Hospital,10.94,Epsom Hospital,17.86,Kingston Hospital,11.03,St Peters Hospital,10.94
TW148DB,51.452056,-0.434233,South,St Peters Hospital,10.47,Epsom Hospital,17.96,Kingston Hospital,11.37,St Peters Hospital,10.47
TW148DD,51.452054,-0.431397,South,St Peters Hospital,10.59,Epsom Hospital,17.84,Kingston Hospital,11.19,St Peters Hospital,10.59
TW148DE,51.4515,-0.433705,South,St Peters Hospital,10.44,Epsom Hospital,17.89,Kingston Hospital,11.32,St Peters Hospital,10.44
TW148DF,51.452425,-0.435645,South,St Peters Hospital,10.44,Epsom Hospital,18.05,Kingston Hospital,11.48,St Peters Hospital,10.44
TW148DG,51.453531,-0.434945,South,St Peters Hospital,10.57,Epsom Hospital,18.12,Kingston Hospital,11.48,St Peters Hospital,10.57
TW148DH,51.452937,-0.433583,South,St Peters Hospital,10.57,Epsom Hospital,18.01,Kingston Hospital,11.37,St Peters Hospital,10.57
TW148DJ,51.454428,-0.433446,South,St Peters Hospital,10.71,Epsom Hospital,18.13,Kingston Hospital,11.42,St Peters Hospital,10.71
TW148DL,51.455158,-0.434256,South,St Peters Hospital,10.74,Epsom Hospital,18.23,Kingston Hospital,11.5,St Peters Hospital,10.74
TW148DN,51.455115,-0.433739,South,St Peters Hospital,10.76,Epsom Hospital,18.21,Kingston Hospital,11.47,St Peters Hospital,10.76
TW148DP,51.451859,-0.437046,South,St Peters Hospital,10.33,Epsom Hospital,18.07,Kingston Hospital,11.55,St Peters Hospital,10.33
TW148DQ,51.45395,-0.434686,South,St Peters Hospital,10.62,Epsom Hospital,18.14,Kingston Hospital,11.48,St Peters Hospital,10.62
TW148DR,51.4536,-0.432035,South,St Peters Hospital,10.7,Epsom Hospital,18.0,Kingston Hospital,11.3,St Peters Hospital,10.7
TW148DT,51.453789,-0.432734,South,St Peters Hospital,10.69,Epsom Hospital,18.05,Kingston Hospital,11.35,St Peters Hospital,10.69
TW148DU,51.449353,-0.441981,South,St Peters Hospital,9.91,Epsom Hospital,18.07,Kingston Hospital,11.78,St Peters Hospital,9.91
TW148DW,51.454708,-0.432875,South,St Peters Hospital,10.76,Epsom Hospital,18.13,Kingston Hospital,11.4,St Peters Hospital,10.76
TW148DX,51.449203,-0.443497,South,St Peters Hospital,9.83,Epsom Hospital,18.13,Kingston Hospital,11.87,St Peters Hospital,9.83
TW148DY,51.448886,-0.442659,South,St Peters Hospital,9.84,Epsom Hospital,18.06,Kingston Hospital,11.8,St Peters Hospital,9.84
TW148DZ,51.448584,-0.442252,South,St Peters Hospital,9.83,Epsom Hospital,18.02,Kingston Hospital,11.77,St Peters Hospital,9.83
TW148EA,51.443736,-0.435409,South,St Peters Hospital,9.7,Epsom Hospital,17.3,Kingston Hospital,11.15,St Peters Hospital,9.7
TW148EB,51.443407,-0.433722,South,St Peters Hospital,9.75,Epsom Hospital,17.2,Kingston Hospital,11.03,St Peters Hospital,9.75
TW148ED,51.453686,-0.433753,South,St Peters Hospital,10.63,Epsom Hospital,18.08,Kingston Hospital,11.41,St Peters Hospital,10.63
TW148EE,51.443642,-0.43378,South,St Peters Hospital,9.76,Epsom Hospital,17.22,Kingston Hospital,11.04,St Peters Hospital,9.76
TW148EF,51.446524,-0.441545,South,St Peters Hospital,9.67,Epsom Hospital,17.81,Kingston Hospital,11.65,St Peters Hospital,9.67
TW148EG,51.448952,-0.440844,South,St Peters Hospital,9.92,Epsom Hospital,17.99,Kingston Hospital,11.69,St Peters Hospital,9.92
TW148EH,51.448469,-0.437665,South,St Peters Hospital,10.01,Epsom Hospital,17.8,Kingston Hospital,11.46,St Peters Hospital,10.01
TW148EJ,51.448745,-0.438159,South,St Peters Hospital,10.01,Epsom Hospital,17.85,Kingston Hospital,11.5,St Peters Hospital,10.01
TW148EL,51.449656,-0.439049,South,St Peters Hospital,10.05,Epsom Hospital,17.97,Kingston Hospital,11.59,St Peters Hospital,10.05
TW148EN,51.44945,-0.439776,South,St Peters Hospital,10.01,Epsom Hospital,17.98,Kingston Hospital,11.63,St Peters Hospital,10.01
TW148EP,51.449909,-0.437098,South,St Peters Hospital,10.16,Epsom Hospital,17.9,Kingston Hospital,11.48,St Peters Hospital,10.16
TW148EQ,51.449485,-0.44107,South,St Peters Hospital,9.96,Epsom Hospital,18.04,Kingston Hospital,11.72,St Peters Hospital,9.96
TW148ER,51.449244,-0.435768,South,St Peters Hospital,10.16,Epsom Hospital,17.78,Kingston Hospital,11.37,St Peters Hospital,10.16
TW148ES,51.45027,-0.435848,South,St Peters Hospital,10.24,Epsom Hospital,17.88,Kingston Hospital,11.41,St Peters Hospital,10.24
TW148ET,51.448807,-0.434689,South,St Peters Hospital,10.16,Epsom Hospital,17.7,Kingston Hospital,11.28,St Peters Hospital,10.16
TW148EU,51.450046,-0.435251,South,St Peters Hospital,10.25,Epsom Hospital,17.83,Kingston Hospital,11.36,St Peters Hospital,10.25
TW148EW,51.450041,-0.437554,South,St Peters Hospital,10.15,Epsom Hospital,17.93,Kingston Hospital,11.51,St Peters Hospital,10.15
TW148EX,51.451126,-0.435286,South,St Peters Hospital,10.34,Epsom Hospital,17.93,Kingston Hospital,11.41,St Peters Hospital,10.34
TW148EY,51.451156,-0.434163,South,St Peters Hospital,10.39,Epsom Hospital,17.88,Kingston Hospital,11.33,St Peters Hospital,10.39
TW148EZ,51.449975,-0.432591,South,St Peters Hospital,10.36,Epsom Hospital,17.71,Kingston Hospital,11.19,St Peters Hospital,10.36
TW148FB,51.456531,-0.436066,South,St Peters Hospital,10.79,Epsom Hospital,18.43,Kingston Hospital,11.68,St Peters Hospital,10.79
TW148FD,51.454169,-0.433541,South,St Peters Hospital,10.69,Epsom Hospital,18.11,Kingston Hospital,11.42,St Peters Hospital,10.69
TW148FE,51.454555,-0.43419,South,St Peters Hospital,10.69,Epsom Hospital,18.18,Kingston Hospital,11.47,St Peters Hospital,10.69
TW148FF,51.454555,-0.43419,South,St Peters Hospital,10.69,Epsom Hospital,18.18,Kingston Hospital,11.47,St Peters Hospital,10.69
TW148FG,51.454789,-0.433549,South,St Peters Hospital,10.74,Epsom Hospital,18.17,Kingston Hospital,11.44,St Peters Hospital,10.74
TW148FH,51.454495,-0.433703,South,St Peters Hospital,10.71,Epsom Hospital,18.15,Kingston Hospital,11.44,St Peters Hospital,10.71
TW148FJ,51.454242,-0.432978,South,St Peters Hospital,10.72,Epsom Hospital,18.1,Kingston Hospital,11.38,St Peters Hospital,10.72
TW148FL,51.454878,-0.438152,South,St Peters Hospital,10.56,Epsom Hospital,18.37,Kingston Hospital,11.74,St Peters Hospital,10.56
TW148FN,51.44969,-0.426147,South,St Peters Hospital,10.62,Epsom Hospital,17.41,Kingston Hospital,10.76,St Peters Hospital,10.62
TW148HA,51.447029,-0.446406,South,St Peters Hospital,9.52,Epsom Hospital,18.08,Kingston Hospital,11.99,St Peters Hospital,9.52
TW148HB,51.446902,-0.447634,South,St Peters Hospital,9.46,Epsom Hospital,18.13,Kingston Hospital,12.06,St Peters Hospital,9.46
TW148HD,51.449025,-0.445043,South,St Peters Hospital,9.75,Epsom Hospital,18.18,Kingston Hospital,11.97,St Peters Hospital,9.75
TW148HE,51.446301,-0.443697,South,St Peters Hospital,9.56,Epsom Hospital,17.89,Kingston Hospital,11.78,St Peters Hospital,9.56
TW148HF,51.455568,-0.43394,South,St Peters Hospital,10.79,Epsom Hospital,18.25,Kingston Hospital,11.5,St Peters Hospital,10.79
TW148HH,51.454211,-0.428675,South,St Peters Hospital,10.89,Epsom Hospital,17.91,Kingston Hospital,11.11,St Peters Hospital,10.89
TW148HJ,51.454525,-0.429902,South,St Peters Hospital,10.87,Epsom Hospital,17.99,Kingston Hospital,11.2,St Peters Hospital,10.87
TW148HL,51.454164,-0.429814,South,St Peters Hospital,10.84,Epsom Hospital,17.96,Kingston Hospital,11.18,St Peters Hospital,10.84
TW148HN,51.454338,-0.431391,South,St Peters Hospital,10.79,Epsom Hospital,18.04,Kingston Hospital,11.29,St Peters Hospital,10.79
TW148HP,51.454625,-0.430698,South,St Peters Hospital,10.84,Epsom Hospital,18.03,Kingston Hospital,11.25,St Peters Hospital,10.84
TW148HR,51.455309,-0.432739,South,St Peters Hospital,10.82,Epsom Hospital,18.18,Kingston Hospital,11.41,St Peters Hospital,10.82
TW148HS,51.455359,-0.431752,South,St Peters Hospital,10.87,Epsom Hospital,18.14,Kingston Hospital,11.35,St Peters Hospital,10.87
TW148HT,51.455897,-0.433712,South,St Peters Hospital,10.83,Epsom Hospital,18.27,Kingston Hospital,11.5,St Peters Hospital,10.83
TW148HU,51.45596,-0.43502,South,St Peters Hospital,10.78,Epsom Hospital,18.33,Kingston Hospital,11.59,St Peters Hospital,10.78
TW148HW,51.45409,-0.431673,South,St Peters Hospital,10.76,Epsom Hospital,18.03,Kingston Hospital,11.29,St Peters Hospital,10.76
TW148HX,51.455751,-0.434221,South,St Peters Hospital,10.8,Epsom Hospital,18.28,Kingston Hospital,11.53,St Peters Hospital,10.8
TW148HY,51.455416,-0.434046,South,St Peters Hospital,10.78,Epsom Hospital,18.25,Kingston Hospital,11.5,St Peters Hospital,10.78
TW148JA,51.455678,-0.436109,South,St Peters Hospital,10.72,Epsom Hospital,18.36,Kingston Hospital,11.65,St Peters Hospital,10.72
TW148JB,51.455303,-0.435662,South,St Peters Hospital,10.7,Epsom Hospital,18.3,Kingston Hospital,11.6,St Peters Hospital,10.7
TW148JD,51.455337,-0.434854,South,St Peters Hospital,10.74,Epsom Hospital,18.27,Kingston Hospital,11.55,St Peters Hospital,10.74
TW148JE,51.453834,-0.436115,South,St Peters Hospital,10.55,Epsom Hospital,18.2,Kingston Hospital,11.57,St Peters Hospital,10.55
TW148JG,51.453715,-0.436594,South,St Peters Hospital,10.52,Epsom Hospital,18.21,Kingston Hospital,11.59,St Peters Hospital,10.52
TW148JH,51.453791,-0.43757,South,St Peters Hospital,10.49,Epsom Hospital,18.26,Kingston Hospital,11.66,St Peters Hospital,10.49
TW148JJ,51.452477,-0.437528,South,St Peters Hospital,10.37,Epsom Hospital,18.14,Kingston Hospital,11.6,St Peters Hospital,10.37
TW148JL,51.453564,-0.438067,South,St Peters Hospital,10.45,Epsom Hospital,18.26,Kingston Hospital,11.68,St Peters Hospital,10.45
TW148JN,51.453356,-0.44006,South,St Peters Hospital,10.35,Epsom Hospital,18.33,Kingston Hospital,11.8,St Peters Hospital,10.35
TW148JP,51.452816,-0.441331,South,St Peters Hospital,10.25,Epsom Hospital,18.34,Kingston Hospital,11.86,St Peters Hospital,10.25
TW148JQ,51.453836,-0.438964,South,St Peters Hospital,10.43,Epsom Hospital,18.32,Kingston Hospital,11.75,St Peters Hospital,10.43
TW148JR,51.451662,-0.441111,South,St Peters Hospital,10.15,Epsom Hospital,18.23,Kingston Hospital,11.8,St Peters Hospital,10.15
TW148JS,51.451572,-0.441819,South,St Peters Hospital,10.11,Epsom Hospital,18.25,Kingston Hospital,11.85,St Peters Hospital,10.11
TW148JT,51.450939,-0.442215,South,St Peters Hospital,10.04,Epsom Hospital,18.22,Kingston Hospital,11.85,St Peters Hospital,10.04
TW148JU,51.451969,-0.437834,South,St Peters Hospital,10.31,Epsom Hospital,18.11,Kingston Hospital,11.6,St Peters Hospital,10.31
TW148JW,51.452761,-0.43926,South,St Peters Hospital,10.32,Epsom Hospital,18.24,Kingston Hospital,11.73,St Peters Hospital,10.32
TW148JX,51.451879,-0.438484,South,St Peters Hospital,10.28,Epsom Hospital,18.13,Kingston Hospital,11.64,St Peters Hospital,10.28
TW148LA,51.454594,-0.439831,South,St Peters Hospital,10.47,Epsom Hospital,18.42,Kingston Hospital,11.84,St Peters Hospital,10.47
TW148LB,51.454594,-0.439831,South,St Peters Hospital,10.47,Epsom Hospital,18.42,Kingston Hospital,11.84,St Peters Hospital,10.47
TW148LD,51.454594,-0.439831,South,St Peters Hospital,10.47,Epsom Hospital,18.42,Kingston Hospital,11.84,St Peters Hospital,10.47
TW148LE,51.454353,-0.44066,South,St Peters Hospital,10.41,Epsom Hospital,18.44,Kingston Hospital,11.88,St Peters Hospital,10.41
TW148LF,51.454888,-0.44162,South,St Peters Hospital,10.42,Epsom Hospital,18.53,Kingston Hospital,11.97,St Peters Hospital,10.42
TW148LG,51.455777,-0.440222,South,St Peters Hospital,10.56,Epsom Hospital,18.54,Kingston Hospital,11.91,St Peters Hospital,10.56
TW148LH,51.455644,-0.441666,South,St Peters Hospital,10.49,Epsom Hospital,18.59,Kingston Hospital,12.0,St Peters Hospital,10.49
TW148LJ,51.453878,-0.440719,South,St Peters Hospital,10.37,Epsom Hospital,18.4,Kingston Hospital,11.87,St Peters Hospital,10.37
TW148LL,51.454208,-0.439182,South,St Peters Hospital,10.46,Epsom Hospital,18.36,Kingston Hospital,11.78,St Peters Hospital,10.46
TW148LN,51.454934,-0.439719,South,St Peters Hospital,10.5,Epsom Hospital,18.45,Kingston Hospital,11.85,St Peters Hospital,10.5
TW148LP,51.455522,-0.437914,South,St Peters Hospital,10.63,Epsom Hospital,18.42,Kingston Hospital,11.75,St Peters Hospital,10.63
TW148LQ,51.45603,-0.43958,South,St Peters Hospital,10.61,Epsom Hospital,18.54,Kingston Hospital,11.88,St Peters Hospital,10.61
TW148LR,51.456172,-0.436107,South,St Peters Hospital,10.76,Epsom Hospital,18.4,Kingston Hospital,11.67,St Peters Hospital,10.76
TW148LS,51.455455,-0.436923,South,St Peters Hospital,10.66,Epsom Hospital,18.37,Kingston Hospital,11.69,St Peters Hospital,10.66
TW148LT,51.455329,-0.438251,South,St Peters Hospital,10.6,Epsom Hospital,18.42,Kingston Hospital,11.77,St Peters Hospital,10.6
TW148LU,51.455911,-0.43672,South,St Peters Hospital,10.71,Epsom Hospital,18.4,Kingston Hospital,11.69,St Peters Hospital,10.71
TW148LW,51.455342,-0.439906,South,St Peters Hospital,10.53,Epsom Hospital,18.49,Kingston Hospital,11.87,St Peters Hospital,10.53
TW148LX,51.454652,-0.444147,South,St Peters Hospital,10.31,Epsom Hospital,18.62,Kingston Hospital,12.12,St Peters Hospital,10.31
TW148LY,51.45555,-0.444116,South,St Peters Hospital,10.39,Epsom Hospital,18.69,Kingston Hospital,12.15,St Peters Hospital,10.39
TW148LZ,51.45555,-0.444116,South,St Peters Hospital,10.39,Epsom Hospital,18.69,Kingston Hospital,12.15,St Peters Hospital,10.39
TW148NA,51.452475,-0.442091,South,St Peters Hospital,10.19,Epsom Hospital,18.34,Kingston Hospital,11.9,St Peters Hospital,10.19
TW148NB,51.452706,-0.44117,South,St Peters Hospital,10.24,Epsom Hospital,18.32,Kingston Hospital,11.85,St Peters Hospital,10.24
TW148ND,51.454041,-0.442858,South,St Peters Hospital,10.3,Epsom Hospital,18.51,Kingston Hospital,12.01,St Peters Hospital,10.3
TW148NE,51.453332,-0.443667,South,St Peters Hospital,10.2,Epsom Hospital,18.48,Kingston Hospital,12.04,St Peters Hospital,10.2
TW148NF,51.452925,-0.442766,South,St Peters Hospital,10.2,Epsom Hospital,18.41,Kingston Hospital,11.96,St Peters Hospital,10.2
TW148NG,51.453845,-0.447061,South,St Peters Hospital,10.12,Epsom Hospital,18.68,Kingston Hospital,12.28,St Peters Hospital,10.12
TW148NH,51.455531,-0.442678,South,St Peters Hospital,10.44,Epsom Hospital,18.63,Kingston Hospital,12.06,St Peters Hospital,10.44
TW148NJ,51.45564,-0.444113,South,St Peters Hospital,10.4,Epsom Hospital,18.7,Kingston Hospital,12.16,St Peters Hospital,10.4
TW148NL,51.454652,-0.444147,South,St Peters Hospital,10.31,Epsom Hospital,18.62,Kingston Hospital,12.12,St Peters Hospital,10.31
TW148NN,51.453521,-0.447064,South,St Peters Hospital,10.09,Epsom Hospital,18.65,Kingston Hospital,12.26,St Peters Hospital,10.09
TW148NP,51.455395,-0.443906,South,St Peters Hospital,10.38,Epsom Hospital,18.67,Kingston Hospital,12.13,St Peters Hospital,10.38
TW148NQ,51.45491,-0.443275,South,St Peters Hospital,10.36,Epsom Hospital,18.6,Kingston Hospital,12.07,St Peters Hospital,10.36
TW148NR,51.45615,-0.443247,South,St Peters Hospital,10.48,Epsom Hospital,18.71,Kingston Hospital,12.12,St Peters Hospital,10.48
TW148NS,51.455623,-0.442818,South,St Peters Hospital,10.45,Epsom Hospital,18.64,Kingston Hospital,12.07,St Peters Hospital,10.45
TW148NT,51.454435,-0.444047,South,St Peters Hospital,10.29,Epsom Hospital,18.6,Kingston Hospital,12.1,St Peters Hospital,10.29
TW148NU,51.454435,-0.444068,South,St Peters Hospital,10.29,Epsom Hospital,18.6,Kingston Hospital,12.11,St Peters Hospital,10.29
TW148NW,51.453321,-0.442105,South,St Peters Hospital,10.26,Epsom Hospital,18.41,Kingston Hospital,11.93,St Peters Hospital,10.26
TW148NX,51.453525,-0.444646,South,St Peters Hospital,10.18,Epsom Hospital,18.54,Kingston Hospital,12.11,St Peters Hospital,10.18
TW148NY,51.453626,-0.444772,South,St Peters Hospital,10.19,Epsom Hospital,18.56,Kingston Hospital,12.12,St Peters Hospital,10.19
TW148PA,51.451092,-0.438821,South,St Peters Hospital,10.19,Epsom Hospital,18.08,Kingston Hospital,11.63,St Peters Hospital,10.19
TW148PB,51.450819,-0.437887,South,St Peters Hospital,10.21,Epsom Hospital,18.01,Kingston Hospital,11.56,St Peters Hospital,10.21
TW148PD,51.45098,-0.438515,South,St Peters Hospital,10.19,Epsom Hospital,18.06,Kingston Hospital,11.61,St Peters Hospital,10.19
TW148PE,51.450102,-0.441495,South,St Peters Hospital,9.99,Epsom Hospital,18.11,Kingston Hospital,11.77,St Peters Hospital,9.99
TW148PF,51.450079,-0.443116,South,St Peters Hospital,9.93,Epsom Hospital,18.18,Kingston Hospital,11.88,St Peters Hospital,9.93
TW148PG,51.450319,-0.444251,South,St Peters Hospital,9.9,Epsom Hospital,18.26,Kingston Hospital,11.96,St Peters Hospital,9.9
TW148PH,51.450999,-0.439953,South,St Peters Hospital,10.14,Epsom Hospital,18.12,Kingston Hospital,11.7,St Peters Hospital,10.14
TW148PJ,51.450516,-0.438819,South,St Peters Hospital,10.14,Epsom Hospital,18.03,Kingston Hospital,11.61,St Peters Hospital,10.14
TW148PL,51.451645,-0.443889,South,St Peters Hospital,10.04,Epsom Hospital,18.35,Kingston Hospital,11.98,St Peters Hospital,10.04
TW148PN,51.451625,-0.443113,South,St Peters Hospital,10.07,Epsom Hospital,18.31,Kingston Hospital,11.93,St Peters Hospital,10.07
TW148PP,51.450793,-0.445423,South,St Peters Hospital,9.9,Epsom Hospital,18.35,Kingston Hospital,12.05,St Peters Hospital,9.9
TW148PQ,51.450679,-0.442281,South,St Peters Hospital,10.01,Epsom Hospital,18.2,Kingston Hospital,11.84,St Peters Hospital,10.01
TW148PR,51.452271,-0.444343,South,St Peters Hospital,10.08,Epsom Hospital,18.42,Kingston Hospital,12.04,St Peters Hospital,10.08
TW148PS,51.450272,-0.452931,South,St Peters Hospital,9.57,Epsom Hospital,18.65,Kingston Hospital,12.53,St Peters Hospital,9.57
TW148PU,51.445778,-0.453083,South,St Peters Hospital,9.14,Epsom Hospital,18.29,Kingston Hospital,12.39,St Peters Hospital,9.14
TW148PW,51.451795,-0.443006,South,St Peters Hospital,10.09,Epsom Hospital,18.32,Kingston Hospital,11.93,St Peters Hospital,10.09
TW148PY,51.440385,-0.453265,South,St Peters Hospital,8.64,Epsom Hospital,17.87,Kingston Hospital,12.25,St Peters Hospital,8.64
TW148PZ,51.440385,-0.453265,South,St Peters Hospital,8.64,Epsom Hospital,17.87,Kingston Hospital,12.25,St Peters Hospital,8.64
TW148QA,51.441237,-0.452438,South,St Peters Hospital,8.75,Epsom Hospital,17.9,Kingston Hospital,12.22,St Peters Hospital,8.75
TW148QB,51.444898,-0.454551,South,St Peters Hospital,9.0,Epsom Hospital,18.29,Kingston Hospital,12.46,St Peters Hospital,9.0
TW148QD,51.445797,-0.454521,South,St Peters Hospital,9.09,Epsom Hospital,18.36,Kingston Hospital,12.49,St Peters Hospital,9.09
TW148QE,51.445815,-0.455959,South,St Peters Hospital,9.04,Epsom Hospital,18.43,Kingston Hospital,12.58,St Peters Hospital,9.04
TW148QF,51.44493,-0.456349,South,St Peters Hospital,8.94,Epsom Hospital,18.38,Kingston Hospital,12.58,St Peters Hospital,8.94
TW148QG,51.445815,-0.455959,South,St Peters Hospital,9.04,Epsom Hospital,18.43,Kingston Hospital,12.58,St Peters Hospital,9.04
TW148QH,51.445294,-0.453214,South,St Peters Hospital,9.09,Epsom Hospital,18.26,Kingston Hospital,12.39,St Peters Hospital,9.09
TW148QJ,51.445815,-0.455959,South,St Peters Hospital,9.04,Epsom Hospital,18.43,Kingston Hospital,12.58,St Peters Hospital,9.04
TW148QL,51.445834,-0.457398,South,St Peters Hospital,8.98,Epsom Hospital,18.5,Kingston Hospital,12.68,St Peters Hospital,8.98
TW148QN,51.444898,-0.454551,South,St Peters Hospital,9.0,Epsom Hospital,18.29,Kingston Hospital,12.46,St Peters Hospital,9.0
TW148QP,51.445815,-0.455959,South,St Peters Hospital,9.04,Epsom Hospital,18.43,Kingston Hospital,12.58,St Peters Hospital,9.04
TW148QQ,51.445815,-0.455959,South,St Peters Hospital,9.04,Epsom Hospital,18.43,Kingston Hospital,12.58,St Peters Hospital,9.04
TW148QR,51.445834,-0.457398,South,St Peters Hospital,8.98,Epsom Hospital,18.5,Kingston Hospital,12.68,St Peters Hospital,8.98
TW148QS,51.446638,-0.450175,South,St Peters Hospital,9.33,Epsom Hospital,18.22,Kingston Hospital,12.22,St Peters Hospital,9.33
TW148QT,51.444917,-0.45599,South,St Peters Hospital,8.95,Epsom Hospital,18.36,Kingston Hospital,12.56,St Peters Hospital,8.95
TW148QU,51.444917,-0.45599,South,St Peters Hospital,8.95,Epsom Hospital,18.36,Kingston Hospital,12.56,St Peters Hospital,8.95
TW148QW,51.448132,-0.448858,South,St Peters Hospital,9.52,Epsom Hospital,18.28,Kingston Hospital,12.19,St Peters Hospital,9.52
TW148RB,51.447518,-0.448707,South,St Peters Hospital,9.47,Epsom Hospital,18.23,Kingston Hospital,12.16,St Peters Hospital,9.47
TW148RD,51.448356,-0.447469,South,St Peters Hospital,9.6,Epsom Hospital,18.24,Kingston Hospital,12.1,St Peters Hospital,9.6
TW148RH,51.448297,-0.448421,South,St Peters Hospital,9.55,Epsom Hospital,18.28,Kingston Hospital,12.16,St Peters Hospital,9.55
TW148RJ,51.447575,-0.453022,South,St Peters Hospital,9.31,Epsom Hospital,18.43,Kingston Hospital,12.44,St Peters Hospital,9.31
TW148RP,51.446889,-0.454196,South,St Peters Hospital,9.2,Epsom Hospital,18.43,Kingston Hospital,12.5,St Peters Hospital,9.2
TW148RQ,51.446666,-0.453628,South,St Peters Hospital,9.2,Epsom Hospital,18.39,Kingston Hospital,12.45,St Peters Hospital,9.2
TW148RS,51.446434,-0.453075,South,St Peters Hospital,9.2,Epsom Hospital,18.34,Kingston Hospital,12.41,St Peters Hospital,9.2
TW148RU,51.447228,-0.456041,South,St Peters Hospital,9.17,Epsom Hospital,18.55,Kingston Hospital,12.63,St Peters Hospital,9.17
TW148RX,51.448774,-0.448491,South,St Peters Hospital,9.59,Epsom Hospital,18.32,Kingston Hospital,12.18,St Peters Hospital,9.59
TW148RY,51.449193,-0.448161,South,St Peters Hospital,9.65,Epsom Hospital,18.34,Kingston Hospital,12.18,St Peters Hospital,9.65
TW148SA,51.449385,-0.432208,South,St Peters Hospital,10.32,Epsom Hospital,17.64,Kingston Hospital,11.14,St Peters Hospital,10.32
TW148SB,51.449025,-0.432163,South,St Peters Hospital,10.29,Epsom Hospital,17.61,Kingston Hospital,11.12,St Peters Hospital,10.29
TW148SD,51.447754,-0.432638,South,St Peters Hospital,10.16,Epsom Hospital,17.52,Kingston Hospital,11.11,St Peters Hospital,10.16
TW148SE,51.448651,-0.43042,South,St Peters Hospital,10.34,Epsom Hospital,17.5,Kingston Hospital,10.99,St Peters Hospital,10.34
TW148SF,51.447777,-0.430968,South,St Peters Hospital,10.24,Epsom Hospital,17.45,Kingston Hospital,11.0,St Peters Hospital,10.24
TW148SG,51.447788,-0.433184,South,St Peters Hospital,10.14,Epsom Hospital,17.55,Kingston Hospital,11.14,St Peters Hospital,10.14
TW148SH,51.448598,-0.431876,South,St Peters Hospital,10.27,Epsom Hospital,17.56,Kingston Hospital,11.09,St Peters Hospital,10.27
TW148SJ,51.448455,-0.433248,South,St Peters Hospital,10.2,Epsom Hospital,17.61,Kingston Hospital,11.17,St Peters Hospital,10.2
TW148SL,51.447889,-0.433972,South,St Peters Hospital,10.12,Epsom Hospital,17.59,Kingston Hospital,11.2,St Peters Hospital,10.12
TW148SN,51.449161,-0.43095,South,St Peters Hospital,10.36,Epsom Hospital,17.57,Kingston Hospital,11.05,St Peters Hospital,10.36
TW148SP,51.449211,-0.433337,South,St Peters Hospital,10.26,Epsom Hospital,17.68,Kingston Hospital,11.21,St Peters Hospital,10.26
TW148SQ,51.448302,-0.433282,South,St Peters Hospital,10.18,Epsom Hospital,17.59,Kingston Hospital,11.17,St Peters Hospital,10.18
TW148SW,51.44893,-0.433159,South,St Peters Hospital,10.24,Epsom Hospital,17.64,Kingston Hospital,11.18,St Peters Hospital,10.24
TW148TA,51.449105,-0.432822,South,St Peters Hospital,10.27,Epsom Hospital,17.64,Kingston Hospital,11.17,St Peters Hospital,10.27
TW148TB,51.449105,-0.432822,South,St Peters Hospital,10.27,Epsom Hospital,17.64,Kingston Hospital,11.17,St Peters Hospital,10.27
TW148TE,51.451226,-0.435427,South,St Peters Hospital,10.35,Epsom Hospital,17.94,Kingston Hospital,11.42,St Peters Hospital,10.35
TW148TF,51.449105,-0.432822,South,St Peters Hospital,10.27,Epsom Hospital,17.64,Kingston Hospital,11.17,St Peters Hospital,10.27
TW148TG,51.449105,-0.432822,South,St Peters Hospital,10.27,Epsom Hospital,17.64,Kingston Hospital,11.17,St Peters Hospital,10.27
TW148TJ,51.449105,-0.432822,South,St Peters Hospital,10.27,Epsom Hospital,17.64,Kingston Hospital,11.17,St Peters Hospital,10.27
TW148TN,51.451226,-0.435427,South,St Peters Hospital,10.35,Epsom Hospital,17.94,Kingston Hospital,11.42,St Peters Hospital,10.35
TW148TP,51.451226,-0.435427,South,St Peters Hospital,10.35,Epsom Hospital,17.94,Kingston Hospital,11.42,St Peters Hospital,10.35
TW148TQ,51.451226,-0.435427,South,St Peters Hospital,10.35,Epsom Hospital,17.94,Kingston Hospital,11.42,St Peters Hospital,10.35
TW148TR,51.451226,-0.435427,South,St Peters Hospital,10.35,Epsom Hospital,17.94,Kingston Hospital,11.42,St Peters Hospital,10.35
TW148TS,51.451226,-0.435427,South,St Peters Hospital,10.35,Epsom Hospital,17.94,Kingston Hospital,11.42,St Peters Hospital,10.35
TW148TT,51.451226,-0.435427,South,St Peters Hospital,10.35,Epsom Hospital,17.94,Kingston Hospital,11.42,St Peters Hospital,10.35
TW148TU,51.451226,-0.435427,South,St Peters Hospital,10.35,Epsom Hospital,17.94,Kingston Hospital,11.42,St Peters Hospital,10.35
TW148TY,51.449105,-0.432822,South,St Peters Hospital,10.27,Epsom Hospital,17.64,Kingston Hospital,11.17,St Peters Hospital,10.27
TW148TZ,51.451226,-0.435427,South,St Peters Hospital,10.35,Epsom Hospital,17.94,Kingston Hospital,11.42,St Peters Hospital,10.35
TW148UB,51.451226,-0.435427,South,St Peters Hospital,10.35,Epsom Hospital,17.94,Kingston Hospital,11.42,St Peters Hospital,10.35
TW149PJ,51.457195,-0.432545,South,St Peters Hospital,11.0,Epsom Hospital,18.34,Kingston Hospital,11.49,St Peters Hospital,11.0
TW149PP,51.458206,-0.434857,South,St Peters Hospital,10.99,Epsom Hospital,18.53,Kingston Hospital,11.68,St Peters Hospital,10.99
TW149PR,51.458126,-0.433622,South,St Peters Hospital,11.04,Epsom Hospital,18.47,Kingston Hospital,11.6,St Peters Hospital,11.04
TW149PT,51.456642,-0.434263,South,St Peters Hospital,10.88,Epsom Hospital,18.36,Kingston Hospital,11.57,St Peters Hospital,10.88
TW149PU,51.457214,-0.433984,South,St Peters Hospital,10.94,Epsom Hospital,18.4,Kingston Hospital,11.58,St Peters Hospital,10.94
TW149PW,51.458561,-0.435852,South,St Peters Hospital,10.99,Epsom Hospital,18.6,Kingston Hospital,11.76,St Peters Hospital,10.99
TW149PX,51.457661,-0.431766,South,St Peters Hospital,11.07,Epsom Hospital,18.35,Kingston Hospital,11.46,St Peters Hospital,11.07
TW149PY,51.457879,-0.433285,South,St Peters Hospital,11.03,Epsom Hospital,18.43,Kingston Hospital,11.56,St Peters Hospital,11.03
TW149PZ,51.457525,-0.433023,South,St Peters Hospital,11.01,Epsom Hospital,18.39,Kingston Hospital,11.53,St Peters Hospital,11.01
TW149QF,51.446549,-0.425254,South,St Peters Hospital,10.4,Epsom Hospital,17.09,Kingston Hospital,10.58,St Peters Hospital,10.4
TW149QG,51.44682,-0.424036,South,St Peters Hospital,10.48,Epsom Hospital,17.07,Kingston Hospital,10.51,St Peters Hospital,10.48
TW149QH,51.446972,-0.423944,South,St Peters Hospital,10.49,Epsom Hospital,17.07,Kingston Hospital,10.51,St Peters Hospital,10.49
TW149QJ,51.447395,-0.424649,South,St Peters Hospital,10.5,Epsom Hospital,17.14,Kingston Hospital,10.57,St Peters Hospital,10.5
TW149QN,51.448052,-0.42467,South,St Peters Hospital,10.55,Epsom Hospital,17.2,Kingston Hospital,10.6,St Peters Hospital,10.55
TW149QQ,51.446175,-0.424159,South,St Peters Hospital,10.42,Epsom Hospital,17.01,Kingston Hospital,10.49,St Peters Hospital,10.42
TW149QY,51.459447,-0.431547,South,St Peters Hospital,11.24,Epsom Hospital,18.5,Kingston Hospital,11.53,St Peters Hospital,11.24
TW149QZ,51.457969,-0.43126,South,St Peters Hospital,11.12,Epsom Hospital,18.35,Kingston Hospital,11.44,St Peters Hospital,11.12
TW149RD,51.460066,-0.434765,South,St Peters Hospital,11.17,Epsom Hospital,18.69,Kingston Hospital,11.76,St Peters Hospital,11.17
TW149RE,51.460023,-0.434219,South,St Peters Hospital,11.19,Epsom Hospital,18.66,Kingston Hospital,11.72,St Peters Hospital,11.19
TW149RF,51.459627,-0.432211,South,St Peters Hospital,11.23,Epsom Hospital,18.54,Kingston Hospital,11.58,St Peters Hospital,11.23
TW149RG,51.460636,-0.432341,South,St Peters Hospital,11.32,Epsom Hospital,18.64,Kingston Hospital,11.63,St Peters Hospital,11.32
TW149RH,51.460798,-0.431659,South,St Peters Hospital,11.36,Epsom Hospital,18.62,Kingston Hospital,11.6,St Peters Hospital,11.36
TW149RL,51.461584,-0.433331,South,St Peters Hospital,11.36,Epsom Hospital,18.76,Kingston Hospital,11.74,St Peters Hospital,11.36
TW149RP,51.448754,-0.424703,South,St Peters Hospital,10.61,Epsom Hospital,17.26,Kingston Hospital,10.63,St Peters Hospital,10.61
TW149RQ,51.460079,-0.433037,South,St Peters Hospital,11.24,Epsom Hospital,18.62,Kingston Hospital,11.65,St Peters Hospital,11.24
TW149SD,51.453423,-0.426889,South,St Peters Hospital,10.9,Epsom Hospital,17.77,Kingston Hospital,10.96,St Peters Hospital,10.9
TW149SE,51.45369,-0.427369,South,St Peters Hospital,10.91,Epsom Hospital,17.81,Kingston Hospital,11.0,St Peters Hospital,10.91
TW149SF,51.452624,-0.426945,South,St Peters Hospital,10.83,Epsom Hospital,17.7,Kingston Hospital,10.93,St Peters Hospital,10.83
TW149SG,51.4554,-0.427425,South,St Peters Hospital,11.05,Epsom Hospital,17.97,Kingston Hospital,11.08,St Peters Hospital,11.05
TW149SP,51.456018,-0.431319,South,St Peters Hospital,10.94,Epsom Hospital,18.18,Kingston Hospital,11.36,St Peters Hospital,10.94
TW149SR,51.456498,-0.428899,South,St Peters Hospital,11.09,Epsom Hospital,18.12,Kingston Hospital,11.22,St Peters Hospital,11.09
TW149SS,51.456226,-0.43206,South,St Peters Hospital,10.93,Epsom Hospital,18.23,Kingston Hospital,11.41,St Peters Hospital,10.93
TW149ST,51.456677,-0.432822,South,St Peters Hospital,10.94,Epsom Hospital,18.3,Kingston Hospital,11.48,St Peters Hospital,10.94
TW149SU,51.456257,-0.429699,South,St Peters Hospital,11.03,Epsom Hospital,18.14,Kingston Hospital,11.26,St Peters Hospital,11.03
TW149SW,51.456206,-0.429182,South,St Peters Hospital,11.05,Epsom Hospital,18.11,Kingston Hospital,11.23,St Peters Hospital,11.05
TW149SY,51.455082,-0.429192,South,St Peters Hospital,10.95,Epsom Hospital,18.01,Kingston Hospital,11.18,St Peters Hospital,10.95
TW149SZ,51.455463,-0.429438,South,St Peters Hospital,10.97,Epsom Hospital,18.05,Kingston Hospital,11.21,St Peters Hospital,10.97
TW149TD,51.456257,-0.429699,South,St Peters Hospital,11.03,Epsom Hospital,18.14,Kingston Hospital,11.26,St Peters Hospital,11.03
TW149TE,51.456257,-0.429699,South,St Peters Hospital,11.03,Epsom Hospital,18.14,Kingston Hospital,11.26,St Peters Hospital,11.03
TW149TF,51.455828,-0.428519,South,St Peters Hospital,11.04,Epsom Hospital,18.05,Kingston Hospital,11.17,St Peters Hospital,11.04
TW151AT,51.435076,-0.438755,South,St Peters Hospital,8.83,Epsom Hospital,16.74,Kingston Hospital,11.14,St Peters Hospital,8.83
TW151AU,51.435417,-0.442757,South,St Peters Hospital,8.67,Epsom Hospital,16.96,Kingston Hospital,11.42,St Peters Hospital,8.67
TW151AX,51.438114,-0.440738,South,St Peters Hospital,8.98,Epsom Hospital,17.08,Kingston Hospital,11.35,St Peters Hospital,8.98
TW151AZ,51.435719,-0.440474,South,St Peters Hospital,8.8,Epsom Hospital,16.88,Kingston Hospital,11.27,St Peters Hospital,8.8
TW151BA,51.438137,-0.441054,South,St Peters Hospital,8.97,Epsom Hospital,17.1,Kingston Hospital,11.37,St Peters Hospital,8.97
TW151BF,51.43661,-0.440516,South,St Peters Hospital,8.87,Epsom Hospital,16.95,Kingston Hospital,11.3,St Peters Hospital,8.87
TW151BL,51.435209,-0.446067,South,St Peters Hospital,8.5,Epsom Hospital,17.11,Kingston Hospital,11.64,St Peters Hospital,8.5
TW151HX,51.437629,-0.440711,South,St Peters Hospital,8.94,Epsom Hospital,17.04,Kingston Hospital,11.34,St Peters Hospital,8.94
TW197LE,51.454662,-0.457158,South,St Peters Hospital,9.84,Epsom Hospital,19.21,Wexham Park,12.48,St Peters Hospital,9.84
TW197LQ,51.453245,-0.458861,South,St Peters Hospital,9.64,Epsom Hospital,19.17,Wexham Park,12.5,St Peters Hospital,9.64
TW197LZ,51.453245,-0.458861,South,St Peters Hospital,9.64,Epsom Hospital,19.17,Wexham Park,12.5,St Peters Hospital,9.64
TW197NH,51.454463,-0.455696,South,St Peters Hospital,9.87,Epsom Hospital,19.13,Wexham Park,12.57,St Peters Hospital,9.87
TW197NL,51.454554,-0.455802,South,St Peters Hospital,9.87,Epsom Hospital,19.14,Wexham Park,12.56,St Peters Hospital,9.87
TW6 1AE,51.469242,-0.459488,South,St Peters Hospital,11.22,Epsom Hospital,20.55,Wexham Park,11.3,St Peters Hospital,11.22
TW6 1AF,51.469242,-0.459488,South,St Peters Hospital,11.22,Epsom Hospital,20.55,Wexham Park,11.3,St Peters Hospital,11.22
TW6 1AH,51.469902,-0.453586,South,St Peters Hospital,11.46,Epsom Hospital,20.35,Wexham Park,11.58,St Peters Hospital,11.46
TW6 1AQ,51.469242,-0.459488,South,St Peters Hospital,11.22,Epsom Hospital,20.55,Wexham Park,11.3,St Peters Hospital,11.22
TW6 1AW,51.469242,-0.459488,South,St Peters Hospital,11.22,Epsom Hospital,20.55,Wexham Park,11.3,St Peters Hospital,11.22
TW6 1BB,51.470157,-0.4565,South,St Peters Hospital,11.39,Epsom Hospital,20.5,Wexham Park,11.4,St Peters Hospital,11.39
TW6 1BT,51.470946,-0.450302,South,St Peters Hospital,11.66,Epsom Hospital,20.3,Wexham Park,11.69,St Peters Hospital,11.66
TW6 1BU,51.470946,-0.450302,South,St Peters Hospital,11.66,Epsom Hospital,20.3,Wexham Park,11.69,St Peters Hospital,11.66
TW6 1BX,51.470946,-0.450302,South,St Peters Hospital,11.66,Epsom Hospital,20.3,Wexham Park,11.69,St Peters Hospital,11.66
TW6 1BY,51.470946,-0.450302,South,St Peters Hospital,11.66,Epsom Hospital,20.3,Wexham Park,11.69,St Peters Hospital,11.66
TW6 1DA,51.470946,-0.450302,South,St Peters Hospital,11.66,Epsom Hospital,20.3,Wexham Park,11.69,St Peters Hospital,11.66
TW6 1DD,51.470946,-0.450302,South,St Peters Hospital,11.66,Epsom Hospital,20.3,Wexham Park,11.69,St Peters Hospital,11.66
TW6 1DE,51.470946,-0.450302,South,St Peters Hospital,11.66,Epsom Hospital,20.3,Wexham Park,11.69,St Peters Hospital,11.66
TW6 1DF,51.470008,-0.449384,South,St Peters Hospital,11.6,Epsom Hospital,20.18,Wexham Park,11.8,St Peters Hospital,11.6
TW6 1DG,51.470008,-0.449384,South,St Peters Hospital,11.6,Epsom Hospital,20.18,Wexham Park,11.8,St Peters Hospital,11.6
TW6 1DH,51.470008,-0.449384,South,St Peters Hospital,11.6,Epsom Hospital,20.18,Wexham Park,11.8,St Peters Hospital,11.6
TW6 1DL,51.470946,-0.450302,South,St Peters Hospital,11.66,Epsom Hospital,20.3,Wexham Park,11.69,St Peters Hospital,11.66
TW6 1DN,51.470946,-0.450302,South,St Peters Hospital,11.66,Epsom Hospital,20.3,Wexham Park,11.69,St Peters Hospital,11.66
TW6 1DP,51.470008,-0.449384,South,St Peters Hospital,11.6,Epsom Hospital,20.18,Wexham Park,11.8,St Peters Hospital,11.6
TW6 1DQ,51.470946,-0.450302,South,St Peters Hospital,11.66,Epsom Hospital,20.3,Wexham Park,11.69,St Peters Hospital,11.66
TW6 1DR,51.470946,-0.450302,South,St Peters Hospital,11.66,Epsom Hospital,20.3,Wexham Park,11.69,St Peters Hospital,11.66
TW6 1DT,51.470946,-0.450302,South,St Peters Hospital,11.66,Epsom Hospital,20.3,Wexham Park,11.69,St Peters Hospital,11.66
TW6 1DU,51.469733,-0.44971,South,St Peters Hospital,11.56,Epsom Hospital,20.17,Wexham Park,11.8,St Peters Hospital,11.56
TW6 1DW,51.470946,-0.450302,South,St Peters Hospital,11.66,Epsom Hospital,20.3,Wexham Park,11.69,St Peters Hospital,11.66
TW6 1DX,51.469733,-0.44971,South,St Peters Hospital,11.56,Epsom Hospital,20.17,Wexham Park,11.8,St Peters Hospital,11.56
TW6 1DZ,51.470946,-0.450302,South,St Peters Hospital,11.66,Epsom Hospital,20.3,Wexham Park,11.69,St Peters Hospital,11.66
TW6 1EB,51.469733,-0.44971,South,St Peters Hospital,11.56,Epsom Hospital,20.17,Wexham Park,11.8,St Peters Hospital,11.56
TW6 1ED,51.468229,-0.450884,South,St Peters Hospital,11.37,Epsom Hospital,20.09,Wexham Park,11.84,St Peters Hospital,11.37
TW6 1EE,51.468229,-0.450884,South,St Peters Hospital,11.37,Epsom Hospital,20.09,Wexham Park,11.84,St Peters Hospital,11.37
TW6 1EF,51.469733,-0.44971,South,St Peters Hospital,11.56,Epsom Hospital,20.17,Wexham Park,11.8,St Peters Hospital,11.56
TW6 1EH,51.468229,-0.450884,South,St Peters Hospital,11.37,Epsom Hospital,20.09,Wexham Park,11.84,St Peters Hospital,11.37
TW6 1EJ,51.469733,-0.44971,South,St Peters Hospital,11.56,Epsom Hospital,20.17,Wexham Park,11.8,St Peters Hospital,11.56
TW6 1EN,51.469733,-0.44971,South,St Peters Hospital,11.56,Epsom Hospital,20.17,Wexham Park,11.8,St Peters Hospital,11.56
TW6 1EP,51.469708,-0.451842,South,St Peters Hospital,11.49,Epsom Hospital,20.26,Wexham Park,11.69,St Peters Hospital,11.49
TW6 1EQ,51.468229,-0.450884,South,St Peters Hospital,11.37,Epsom Hospital,20.09,Wexham Park,11.84,St Peters Hospital,11.37
TW6 1ER,51.469708,-0.451842,South,St Peters Hospital,11.49,Epsom Hospital,20.26,Wexham Park,11.69,St Peters Hospital,11.49
TW6 1ES,51.468229,-0.450884,South,St Peters Hospital,11.37,Epsom Hospital,20.09,Wexham Park,11.84,St Peters Hospital,11.37
TW6 1ET,51.469733,-0.44971,South,St Peters Hospital,11.56,Epsom Hospital,20.17,Wexham Park,11.8,St Peters Hospital,11.56
TW6 1EU,51.470946,-0.450302,South,St Peters Hospital,11.66,Epsom Hospital,20.3,Wexham Park,11.69,St Peters Hospital,11.66
TW6 1EW,51.469777,-0.449579,South,St Peters Hospital,11.57,Epsom Hospital,20.17,Wexham Park,11.81,St Peters Hospital,11.57
TW6 1EX,51.469733,-0.44971,South,St Peters Hospital,11.56,Epsom Hospital,20.17,Wexham Park,11.8,St Peters Hospital,11.56
TW6 1EY,51.469733,-0.44971,South,St Peters Hospital,11.56,Epsom Hospital,20.17,Wexham Park,11.8,St Peters Hospital,11.56
TW6 1EZ,51.469733,-0.44971,South,St Peters Hospital,11.56,Epsom Hospital,20.17,Wexham Park,11.8,St Peters Hospital,11.56
TW6 1GW,51.469708,-0.451842,South,St Peters Hospital,11.49,Epsom Hospital,20.26,Wexham Park,11.69,St Peters Hospital,11.49
TW6 1HA,51.469733,-0.44971,South,St Peters Hospital,11.56,Epsom Hospital,20.17,Wexham Park,11.8,St Peters Hospital,11.56
TW6 1HB,51.470946,-0.450302,South,St Peters Hospital,11.66,Epsom Hospital,20.3,Wexham Park,11.69,St Peters Hospital,11.66
TW6 1HE,51.469708,-0.451842,South,St Peters Hospital,11.49,Epsom Hospital,20.26,Wexham Park,11.69,St Peters Hospital,11.49
TW6 1HG,51.469708,-0.451842,South,St Peters Hospital,11.49,Epsom Hospital,20.26,Wexham Park,11.69,St Peters Hospital,11.49
TW6 1HJ,51.469708,-0.451842,South,St Peters Hospital,11.49,Epsom Hospital,20.26,Wexham Park,11.69,St Peters Hospital,11.49
TW6 1HL,51.469708,-0.451842,South,St Peters Hospital,11.49,Epsom Hospital,20.26,Wexham Park,11.69,St Peters Hospital,11.49
TW6 1HN,51.469733,-0.44971,South,St Peters Hospital,11.56,Epsom Hospital,20.17,Wexham Park,11.8,St Peters Hospital,11.56
TW6 1HP,51.469733,-0.44971,South,St Peters Hospital,11.56,Epsom Hospital,20.17,Wexham Park,11.8,St Peters Hospital,11.56
TW6 1HQ,51.469708,-0.451842,South,St Peters Hospital,11.49,Epsom Hospital,20.26,Wexham Park,11.69,St Peters Hospital,11.49
TW6 1HR,51.469733,-0.44971,South,St Peters Hospital,11.56,Epsom Hospital,20.17,Wexham Park,11.8,St Peters Hospital,11.56
TW6 1HU,51.469708,-0.451842,South,St Peters Hospital,11.49,Epsom Hospital,20.26,Wexham Park,11.69,St Peters Hospital,11.49
TW6 1HW,51.469733,-0.44971,South,St Peters Hospital,11.56,Epsom Hospital,20.17,Wexham Park,11.8,St Peters Hospital,11.56
TW6 1HX,51.469733,-0.44971,South,St Peters Hospital,11.56,Epsom Hospital,20.17,Wexham Park,11.8,St Peters Hospital,11.56
TW6 1HY,51.470008,-0.449384,South,St Peters Hospital,11.6,Epsom Hospital,20.18,Wexham Park,11.8,St Peters Hospital,11.6
TW6 1HZ,51.469733,-0.44971,South,St Peters Hospital,11.56,Epsom Hospital,20.17,Wexham Park,11.8,St Peters Hospital,11.56
TW6 1JA,51.469242,-0.459488,South,St Peters Hospital,11.22,Epsom Hospital,20.55,Wexham Park,11.3,St Peters Hospital,11.22
TW6 1JB,51.470008,-0.449384,South,St Peters Hospital,11.6,Epsom Hospital,20.18,Wexham Park,11.8,St Peters Hospital,11.6
TW6 1JD,51.469708,-0.451842,South,St Peters Hospital,11.49,Epsom Hospital,20.26,Wexham Park,11.69,St Peters Hospital,11.49
TW6 1JJ,51.470435,-0.45317,South,St Peters Hospital,11.52,Epsom Hospital,20.38,Wexham Park,11.56,St Peters Hospital,11.52
TW6 1JL,51.470103,-0.456579,South,St Peters Hospital,11.39,Epsom Hospital,20.49,Wexham Park,11.4,St Peters Hospital,11.39
TW6 1JP,51.469733,-0.44971,South,St Peters Hospital,11.56,Epsom Hospital,20.17,Wexham Park,11.8,St Peters Hospital,11.56
TW6 1JR,51.469242,-0.459488,South,St Peters Hospital,11.22,Epsom Hospital,20.55,Wexham Park,11.3,St Peters Hospital,11.22
TW6 1JS,51.469733,-0.44971,South,St Peters Hospital,11.56,Epsom Hospital,20.17,Wexham Park,11.8,St Peters Hospital,11.56
TW6 1JU,51.469708,-0.451842,South,St Peters Hospital,11.49,Epsom Hospital,20.26,Wexham Park,11.69,St Peters Hospital,11.49
TW6 1JW,51.469733,-0.44971,South,St Peters Hospital,11.56,Epsom Hospital,20.17,Wexham Park,11.8,St Peters Hospital,11.56
TW6 1JX,51.469708,-0.451842,South,St Peters Hospital,11.49,Epsom Hospital,20.26,Wexham Park,11.69,St Peters Hospital,11.49
TW6 1JZ,51.469733,-0.44971,South,St Peters Hospital,11.56,Epsom Hospital,20.17,Wexham Park,11.8,St Peters Hospital,11.56
TW6 1LF,51.469242,-0.459488,South,St Peters Hospital,11.22,Epsom Hospital,20.55,Wexham Park,11.3,St Peters Hospital,11.22
TW6 1LG,51.469733,-0.44971,South,St Peters Hospital,11.56,Epsom Hospital,20.17,Wexham Park,11.8,St Peters Hospital,11.56
TW6 1LH,51.469242,-0.459488,South,St Peters Hospital,11.22,Epsom Hospital,20.55,Wexham Park,11.3,St Peters Hospital,11.22
TW6 1LJ,51.469242,-0.459488,South,St Peters Hospital,11.22,Epsom Hospital,20.55,Wexham Park,11.3,St Peters Hospital,11.22
TW6 1LL,51.469242,-0.459488,South,St Peters Hospital,11.22,Epsom Hospital,20.55,Wexham Park,11.3,St Peters Hospital,11.22
TW6 1LS,51.470946,-0.450302,South,St Peters Hospital,11.66,Epsom Hospital,20.3,Wexham Park,11.69,St Peters Hospital,11.66
TW6 1NA,51.469242,-0.459488,South,St Peters Hospital,11.22,Epsom Hospital,20.55,Wexham Park,11.3,St Peters Hospital,11.22
TW6 1NY,51.470008,-0.449384,South,St Peters Hospital,11.6,Epsom Hospital,20.18,Wexham Park,11.8,St Peters Hospital,11.6
TW6 1PJ,51.460488,-0.468736,South,St Peters Hospital,10.07,Epsom Hospital,20.23,Wexham Park,11.45,St Peters Hospital,10.07
TW6 1PS,51.469733,-0.44971,South,St Peters Hospital,11.56,Epsom Hospital,20.17,Wexham Park,11.8,St Peters Hospital,11.56
TW6 1QJ,51.470534,-0.453815,South,St Peters Hospital,11.51,Epsom Hospital,20.41,Wexham Park,11.52,St Peters Hospital,11.51
TW6 1QY,51.470946,-0.450302,South,St Peters Hospital,11.66,Epsom Hospital,20.3,Wexham Park,11.69,St Peters Hospital,11.66
TW6 1QZ,51.470946,-0.450302,South,St Peters Hospital,11.66,Epsom Hospital,20.3,Wexham Park,11.69,St Peters Hospital,11.66
TW6 1RE,51.470946,-0.450302,South,St Peters Hospital,11.66,Epsom Hospital,20.3,Wexham Park,11.69,St Peters Hospital,11.66
TW6 1RG,51.469708,-0.451842,South,St Peters Hospital,11.49,Epsom Hospital,20.26,Wexham Park,11.69,St Peters Hospital,11.49
TW6 1RH,51.470946,-0.450302,South,St Peters Hospital,11.66,Epsom Hospital,20.3,Wexham Park,11.69,St Peters Hospital,11.66
TW6 1RL,51.469708,-0.451842,South,St Peters Hospital,11.49,Epsom Hospital,20.26,Wexham Park,11.69,St Peters Hospital,11.49
TW6 1RN,51.469708,-0.451842,South,St Peters Hospital,11.49,Epsom Hospital,20.26,Wexham Park,11.69,St Peters Hospital,11.49
TW6 1RP,51.470946,-0.450302,South,St Peters Hospital,11.66,Epsom Hospital,20.3,Wexham Park,11.69,St Peters Hospital,11.66
TW6 1RR,51.469733,-0.44971,South,St Peters Hospital,11.56,Epsom Hospital,20.17,Wexham Park,11.8,St Peters Hospital,11.56
TW6 1RW,51.469708,-0.451842,South,St Peters Hospital,11.49,Epsom Hospital,20.26,Wexham Park,11.69,St Peters Hospital,11.49
TW6 1RX,51.470946,-0.450302,South,St Peters Hospital,11.66,Epsom Hospital,20.3,Wexham Park,11.69,St Peters Hospital,11.66
TW6 1RY,51.469708,-0.451842,South,St Peters Hospital,11.49,Epsom Hospital,20.26,Wexham Park,11.69,St Peters Hospital,11.49
TW6 1SB,51.469708,-0.451842,South,St Peters Hospital,11.49,Epsom Hospital,20.26,Wexham Park,11.69,St Peters Hospital,11.49
TW6 1SQ,51.468114,-0.457151,South,St Peters Hospital,11.17,Epsom Hospital,20.35,Wexham Park,11.5,St Peters Hospital,11.17
TW6 1SS,51.469733,-0.44971,South,St Peters Hospital,11.56,Epsom Hospital,20.17,Wexham Park,11.8,St Peters Hospital,11.56
TW6 1WD,51.469392,-0.44903,South,St Peters Hospital,11.55,Epsom Hospital,20.11,Wexham Park,11.86,St Peters Hospital,11.55
TW6 2BL,51.470065,-0.453701,South,St Peters Hospital,11.47,Epsom Hospital,20.37,Wexham Park,11.56,St Peters Hospital,11.47
TW6 2DB,51.470065,-0.453701,South,St Peters Hospital,11.47,Epsom Hospital,20.37,Wexham Park,11.56,St Peters Hospital,11.47
TW6 2DD,51.470065,-0.453701,South,St Peters Hospital,11.47,Epsom Hospital,20.37,Wexham Park,11.56,St Peters Hospital,11.47
TW6 2DE,51.470065,-0.453701,South,St Peters Hospital,11.47,Epsom Hospital,20.37,Wexham Park,11.56,St Peters Hospital,11.47
TW6 2DQ,51.470065,-0.453701,South,St Peters Hospital,11.47,Epsom Hospital,20.37,Wexham Park,11.56,St Peters Hospital,11.47
TW6 2DW,51.470065,-0.453701,South,St Peters Hospital,11.47,Epsom Hospital,20.37,Wexham Park,11.56,St Peters Hospital,11.47
TW6 2DZ,51.470065,-0.453701,South,St Peters Hospital,11.47,Epsom Hospital,20.37,Wexham Park,11.56,St Peters Hospital,11.47
TW6 2EN,51.470065,-0.453701,South,St Peters Hospital,11.47,Epsom Hospital,20.37,Wexham Park,11.56,St Peters Hospital,11.47
TW6 2EP,51.470065,-0.453701,South,St Peters Hospital,11.47,Epsom Hospital,20.37,Wexham Park,11.56,St Peters Hospital,11.47
TW6 2EW,51.470065,-0.453701,South,St Peters Hospital,11.47,Epsom Hospital,20.37,Wexham Park,11.56,St Peters Hospital,11.47
TW6 2HX,51.470065,-0.453701,South,St Peters Hospital,11.47,Epsom Hospital,20.37,Wexham Park,11.56,St Peters Hospital,11.47
TW6 2LD,51.470065,-0.453701,South,St Peters Hospital,11.47,Epsom Hospital,20.37,Wexham Park,11.56,St Peters Hospital,11.47
TW6 2LE,51.470065,-0.453701,South,St Peters Hospital,11.47,Epsom Hospital,20.37,Wexham Park,11.56,St Peters Hospital,11.47
TW6 2LF,51.470065,-0.453701,South,St Peters Hospital,11.47,Epsom Hospital,20.37,Wexham Park,11.56,St Peters Hospital,11.47
TW6 2PT,51.46943,-0.43299,South,St Peters Hospital,12.11,Epsom Hospital,19.46,Kingston Hospital,12.13,St Peters Hospital,12.11
TW6 3AA,51.45978,-0.44773,South,St Peters Hospital,10.66,Epsom Hospital,19.22,Kingston Hospital,12.56,St Peters Hospital,10.66
TW6 3AB,51.45819,-0.439708,South,St Peters Hospital,10.8,Epsom Hospital,18.73,Kingston Hospital,11.98,St Peters Hospital,10.8
TW6 3AD,51.458745,-0.466161,South,St Peters Hospital,9.96,Epsom Hospital,19.96,Wexham Park,11.72,St Peters Hospital,9.96
TW6 3AF,51.458673,-0.441606,South,St Peters Hospital,10.78,Epsom Hospital,18.85,Kingston Hospital,12.13,St Peters Hospital,10.78
TW6 3AG,51.464577,-0.446689,South,St Peters Hospital,11.15,Epsom Hospital,19.59,Wexham Park,12.31,St Peters Hospital,11.15
TW6 3AL,51.45819,-0.439708,South,St Peters Hospital,10.8,Epsom Hospital,18.73,Kingston Hospital,11.98,St Peters Hospital,10.8
TW6 3AN,51.458745,-0.466161,South,St Peters Hospital,9.96,Epsom Hospital,19.96,Wexham Park,11.72,St Peters Hospital,9.96
TW6 3AQ,51.45865,-0.462983,South,St Peters Hospital,10.05,Epsom Hospital,19.81,Wexham Park,11.88,St Peters Hospital,10.05
TW6 3AR,51.458745,-0.466161,South,St Peters Hospital,9.96,Epsom Hospital,19.96,Wexham Park,11.72,St Peters Hospital,9.96
TW6 3AS,51.458745,-0.466161,South,St Peters Hospital,9.96,Epsom Hospital,19.96,Wexham Park,11.72,St Peters Hospital,9.96
TW6 3AT,51.460391,-0.463385,South,St Peters Hospital,10.21,Epsom Hospital,19.97,Wexham Park,11.73,St Peters Hospital,10.21
TW6 3AU,51.458746,-0.466175,South,St Peters Hospital,9.96,Epsom Hospital,19.96,Wexham Park,11.72,St Peters Hospital,9.96
TW6 3AW,51.458746,-0.466175,South,St Peters Hospital,9.96,Epsom Hospital,19.96,Wexham Park,11.72,St Peters Hospital,9.96
TW6 3AX,51.458745,-0.466161,South,St Peters Hospital,9.96,Epsom Hospital,19.96,Wexham Park,11.72,St Peters Hospital,9.96
TW6 3AY,51.460391,-0.463385,South,St Peters Hospital,10.21,Epsom Hospital,19.97,Wexham Park,11.73,St Peters Hospital,10.21
TW6 3AZ,51.462729,-0.469626,South,St Peters Hospital,10.27,Epsom Hospital,20.45,Wexham Park,11.24,St Peters Hospital,10.27
TW6 3BA,51.46031,-0.464107,South,St Peters Hospital,10.18,Epsom Hospital,20.0,Wexham Park,11.7,St Peters Hospital,10.18
TW6 3BB,51.458745,-0.466161,South,St Peters Hospital,9.96,Epsom Hospital,19.96,Wexham Park,11.72,St Peters Hospital,9.96
TW6 3BE,51.465782,-0.46306,South,St Peters Hospital,10.76,Epsom Hospital,20.41,Wexham Park,11.35,St Peters Hospital,10.76
TW6 3BF,51.460391,-0.463385,South,St Peters Hospital,10.21,Epsom Hospital,19.97,Wexham Park,11.73,St Peters Hospital,10.21
TW6 3BG,51.460391,-0.463385,South,St Peters Hospital,10.21,Epsom Hospital,19.97,Wexham Park,11.73,St Peters Hospital,10.21
TW6 3BH,51.458745,-0.466161,South,St Peters Hospital,9.96,Epsom Hospital,19.96,Wexham Park,11.72,St Peters Hospital,9.96
TW6 3BJ,51.458745,-0.466161,South,St Peters Hospital,9.96,Epsom Hospital,19.96,Wexham Park,11.72,St Peters Hospital,9.96
TW6 3BL,51.458745,-0.466161,South,St Peters Hospital,9.96,Epsom Hospital,19.96,Wexham Park,11.72,St Peters Hospital,9.96
TW6 3BN,51.461897,-0.470661,South,St Peters Hospital,10.16,Epsom Hospital,20.43,Wexham Park,11.25,St Peters Hospital,10.16
TW6 3BP,51.454212,-0.444881,South,St Peters Hospital,10.24,Epsom Hospital,18.61,Kingston Hospital,12.15,St Peters Hospital,10.24
TW6 3BQ,51.458745,-0.466161,South,St Peters Hospital,9.96,Epsom Hospital,19.96,Wexham Park,11.72,St Peters Hospital,9.96
TW6 3BS,51.458745,-0.466161,South,St Peters Hospital,9.96,Epsom Hospital,19.96,Wexham Park,11.72,St Peters Hospital,9.96
TW6 3BT,51.46031,-0.464107,South,St Peters Hospital,10.18,Epsom Hospital,20.0,Wexham Park,11.7,St Peters Hospital,10.18
TW6 3BU,51.46031,-0.464107,South,St Peters Hospital,10.18,Epsom Hospital,20.0,Wexham Park,11.7,St Peters Hospital,10.18
TW6 3BW,51.458745,-0.466161,South,St Peters Hospital,9.96,Epsom Hospital,19.96,Wexham Park,11.72,St Peters Hospital,9.96
TW6 3BX,51.458745,-0.466161,South,St Peters Hospital,9.96,Epsom Hospital,19.96,Wexham Park,11.72,St Peters Hospital,9.96
TW6 3BY,51.458745,-0.466161,South,St Peters Hospital,9.96,Epsom Hospital,19.96,Wexham Park,11.72,St Peters Hospital,9.96
TW6 3BZ,51.458745,-0.466161,South,St Peters Hospital,9.96,Epsom Hospital,19.96,Wexham Park,11.72,St Peters Hospital,9.96
TW6 3DA,51.458745,-0.466161,South,St Peters Hospital,9.96,Epsom Hospital,19.96,Wexham Park,11.72,St Peters Hospital,9.96
TW6 3DB,51.467875,-0.458094,South,St Peters Hospital,11.12,Epsom Hospital,20.37,Wexham Park,11.47,St Peters Hospital,11.12
TW6 3DD,51.470065,-0.453701,South,St Peters Hospital,11.47,Epsom Hospital,20.37,Wexham Park,11.56,St Peters Hospital,11.47
TW6 3DE,51.470065,-0.453701,South,St Peters Hospital,11.47,Epsom Hospital,20.37,Wexham Park,11.56,St Peters Hospital,11.47
TW6 3DF,51.458745,-0.466161,South,St Peters Hospital,9.96,Epsom Hospital,19.96,Wexham Park,11.72,St Peters Hospital,9.96
TW6 3DG,51.458745,-0.466161,South,St Peters Hospital,9.96,Epsom Hospital,19.96,Wexham Park,11.72,St Peters Hospital,9.96
TW6 3DH,51.460391,-0.463385,South,St Peters Hospital,10.21,Epsom Hospital,19.97,Wexham Park,11.73,St Peters Hospital,10.21
TW6 3DJ,51.458745,-0.466161,South,St Peters Hospital,9.96,Epsom Hospital,19.96,Wexham Park,11.72,St Peters Hospital,9.96
TW6 3DL,51.460391,-0.463385,South,St Peters Hospital,10.21,Epsom Hospital,19.97,Wexham Park,11.73,St Peters Hospital,10.21
TW6 3DN,51.458745,-0.466161,South,St Peters Hospital,9.96,Epsom Hospital,19.96,Wexham Park,11.72,St Peters Hospital,9.96
TW6 3DP,51.458745,-0.466161,South,St Peters Hospital,9.96,Epsom Hospital,19.96,Wexham Park,11.72,St Peters Hospital,9.96
TW6 3DQ,51.458745,-0.466161,South,St Peters Hospital,9.96,Epsom Hospital,19.96,Wexham Park,11.72,St Peters Hospital,9.96
TW6 3DR,51.460391,-0.463385,South,St Peters Hospital,10.21,Epsom Hospital,19.97,Wexham Park,11.73,St Peters Hospital,10.21
TW6 3DS,51.458745,-0.466161,South,St Peters Hospital,9.96,Epsom Hospital,19.96,Wexham Park,11.72,St Peters Hospital,9.96
TW6 3DT,51.460391,-0.463385,South,St Peters Hospital,10.21,Epsom Hospital,19.97,Wexham Park,11.73,St Peters Hospital,10.21
TW6 3DU,51.460391,-0.463385,South,St Peters Hospital,10.21,Epsom Hospital,19.97,Wexham Park,11.73,St Peters Hospital,10.21
TW6 3DW,51.458745,-0.466161,South,St Peters Hospital,9.96,Epsom Hospital,19.96,Wexham Park,11.72,St Peters Hospital,9.96
TW6 3DX,51.458746,-0.466175,South,St Peters Hospital,9.96,Epsom Hospital,19.96,Wexham Park,11.72,St Peters Hospital,9.96
TW6 3DY,51.460391,-0.463385,South,St Peters Hospital,10.21,Epsom Hospital,19.97,Wexham Park,11.73,St Peters Hospital,10.21
TW6 3DZ,51.46031,-0.464107,South,St Peters Hospital,10.18,Epsom Hospital,20.0,Wexham Park,11.7,St Peters Hospital,10.18
TW6 3EA,51.458214,-0.46471,South,St Peters Hospital,9.95,Epsom Hospital,19.85,Wexham Park,11.83,St Peters Hospital,9.95
TW6 3EB,51.458745,-0.466161,South,St Peters Hospital,9.96,Epsom Hospital,19.96,Wexham Park,11.72,St Peters Hospital,9.96
TW6 3ED,51.458745,-0.466161,South,St Peters Hospital,9.96,Epsom Hospital,19.96,Wexham Park,11.72,St Peters Hospital,9.96
TW6 3EE,51.458745,-0.466161,South,St Peters Hospital,9.96,Epsom Hospital,19.96,Wexham Park,11.72,St Peters Hospital,9.96
TW6 3EF,51.462285,-0.474852,South,St Peters Hospital,10.09,Epsom Hospital,20.66,Wexham Park,11.01,St Peters Hospital,10.09
TW6 3EG,51.459657,-0.455492,South,St Peters Hospital,10.38,Epsom Hospital,19.55,Wexham Park,12.19,St Peters Hospital,10.38
TW6 3EH,51.458745,-0.466161,South,St Peters Hospital,9.96,Epsom Hospital,19.96,Wexham Park,11.72,St Peters Hospital,9.96
TW6 3EJ,51.458745,-0.466161,South,St Peters Hospital,9.96,Epsom Hospital,19.96,Wexham Park,11.72,St Peters Hospital,9.96
TW6 3EL,51.46031,-0.464107,South,St Peters Hospital,10.18,Epsom Hospital,20.0,Wexham Park,11.7,St Peters Hospital,10.18
TW6 3EN,51.458745,-0.466161,South,St Peters Hospital,9.96,Epsom Hospital,19.96,Wexham Park,11.72,St Peters Hospital,9.96
TW6 3EP,51.470065,-0.453701,South,St Peters Hospital,11.47,Epsom Hospital,20.37,Wexham Park,11.56,St Peters Hospital,11.47
TW6 3EQ,51.458745,-0.466161,South,St Peters Hospital,9.96,Epsom Hospital,19.96,Wexham Park,11.72,St Peters Hospital,9.96
TW6 3ER,51.470065,-0.453701,South,St Peters Hospital,11.47,Epsom Hospital,20.37,Wexham Park,11.56,St Peters Hospital,11.47
TW6 3ES,51.458745,-0.466161,South,St Peters Hospital,9.96,Epsom Hospital,19.96,Wexham Park,11.72,St Peters Hospital,9.96
TW6 3ET,51.459668,-0.468677,South,St Peters Hospital,9.98,Epsom Hospital,20.16,Wexham Park,11.52,St Peters Hospital,9.98
TW6 3EU,51.461746,-0.468694,South,St Peters Hospital,10.2,Epsom Hospital,20.33,Wexham Park,11.36,St Peters Hospital,10.2
TW6 3EW,51.458745,-0.466161,South,St Peters Hospital,9.96,Epsom Hospital,19.96,Wexham Park,11.72,St Peters Hospital,9.96
TW6 3EX,51.454212,-0.444881,South,St Peters Hospital,10.24,Epsom Hospital,18.61,Kingston Hospital,12.15,St Peters Hospital,10.24
TW6 3EY,51.458745,-0.466161,South,St Peters Hospital,9.96,Epsom Hospital,19.96,Wexham Park,11.72,St Peters Hospital,9.96
TW6 3FA,51.45978,-0.44773,South,St Peters Hospital,10.66,Epsom Hospital,19.22,Kingston Hospital,12.56,St Peters Hospital,10.66
TW6 3FB,51.459258,-0.447704,South,St Peters Hospital,10.61,Epsom Hospital,19.17,Kingston Hospital,12.54,St Peters Hospital,10.61
TW6 3FD,51.462215,-0.457162,South,St Peters Hospital,10.58,Epsom Hospital,19.84,Wexham Park,11.92,St Peters Hospital,10.58
TW6 3FE,51.455918,-0.446738,South,St Peters Hospital,10.33,Epsom Hospital,18.84,Kingston Hospital,12.34,St Peters Hospital,10.33
TW6 3FF,51.45865,-0.462962,South,St Peters Hospital,10.05,Epsom Hospital,19.81,Wexham Park,11.88,St Peters Hospital,10.05
TW6 3FH,51.459713,-0.439981,South,St Peters Hospital,10.93,Epsom Hospital,18.87,Kingston Hospital,12.07,St Peters Hospital,10.93
TW6 3FJ,51.458861,-0.443522,South,St Peters Hospital,10.72,Epsom Hospital,18.95,Kingston Hospital,12.26,St Peters Hospital,10.72
TW6 3GA,51.459258,-0.447704,South,St Peters Hospital,10.61,Epsom Hospital,19.17,Kingston Hospital,12.54,St Peters Hospital,10.61
TW6 3GF,51.460936,-0.474839,South,St Peters Hospital,9.95,Epsom Hospital,20.55,Wexham Park,11.12,St Peters Hospital,9.95
TW6 3HA,51.46031,-0.464107,South,St Peters Hospital,10.18,Epsom Hospital,20.0,Wexham Park,11.7,St Peters Hospital,10.18
TW6 3HB,51.460391,-0.463385,South,St Peters Hospital,10.21,Epsom Hospital,19.97,Wexham Park,11.73,St Peters Hospital,10.21
TW6 3HD,51.46031,-0.464107,South,St Peters Hospital,10.18,Epsom Hospital,20.0,Wexham Park,11.7,St Peters Hospital,10.18
TW6 3HE,51.460976,-0.439613,South,St Peters Hospital,11.07,Epsom Hospital,18.97,Kingston Hospital,12.11,St Peters Hospital,11.07
TW6 3HF,51.458745,-0.466161,South,St Peters Hospital,9.96,Epsom Hospital,19.96,Wexham Park,11.72,St Peters Hospital,9.96
TW6 3HG,51.458746,-0.466175,South,St Peters Hospital,9.96,Epsom Hospital,19.96,Wexham Park,11.72,St Peters Hospital,9.96
TW6 3HH,51.458746,-0.466175,South,St Peters Hospital,9.96,Epsom Hospital,19.96,Wexham Park,11.72,St Peters Hospital,9.96
TW6 3HJ,51.470065,-0.453701,South,St Peters Hospital,11.47,Epsom Hospital,20.37,Wexham Park,11.56,St Peters Hospital,11.47
TW6 3HL,51.458745,-0.466161,South,St Peters Hospital,9.96,Epsom Hospital,19.96,Wexham Park,11.72,St Peters Hospital,9.96
TW6 3HN,51.460976,-0.439613,South,St Peters Hospital,11.07,Epsom Hospital,18.97,Kingston Hospital,12.11,St Peters Hospital,11.07
TW6 3HP,51.460391,-0.463385,South,St Peters Hospital,10.21,Epsom Hospital,19.97,Wexham Park,11.73,St Peters Hospital,10.21
TW6 3HQ,51.460651,-0.462656,South,St Peters Hospital,10.26,Epsom Hospital,19.96,Wexham Park,11.75,St Peters Hospital,10.26
TW6 3HR,51.460391,-0.463385,South,St Peters Hospital,10.21,Epsom Hospital,19.97,Wexham Park,11.73,St Peters Hospital,10.21
TW6 3HS,51.460391,-0.463385,South,St Peters Hospital,10.21,Epsom Hospital,19.97,Wexham Park,11.73,St Peters Hospital,10.21
TW6 3HT,51.468267,-0.453762,South,St Peters Hospital,11.29,Epsom Hospital,20.21,Wexham Park,11.68,St Peters Hospital,11.29
TW6 3HU,51.458745,-0.466161,South,St Peters Hospital,9.96,Epsom Hospital,19.96,Wexham Park,11.72,St Peters Hospital,9.96
TW6 3HW,51.460391,-0.463385,South,St Peters Hospital,10.21,Epsom Hospital,19.97,Wexham Park,11.73,St Peters Hospital,10.21
TW6 3HX,51.470065,-0.453701,South,St Peters Hospital,11.47,Epsom Hospital,20.37,Wexham Park,11.56,St Peters Hospital,11.47
TW6 3HY,51.470065,-0.453701,South,St Peters Hospital,11.47,Epsom Hospital,20.37,Wexham Park,11.56,St Peters Hospital,11.47
TW6 3HZ,51.470065,-0.453701,South,St Peters Hospital,11.47,Epsom Hospital,20.37,Wexham Park,11.56,St Peters Hospital,11.47
TW6 3JA,51.458745,-0.466161,South,St Peters Hospital,9.96,Epsom Hospital,19.96,Wexham Park,11.72,St Peters Hospital,9.96
TW6 3JB,51.458745,-0.466161,South,St Peters Hospital,9.96,Epsom Hospital,19.96,Wexham Park,11.72,St Peters Hospital,9.96
TW6 3JD,51.455686,-0.45708,South,St Peters Hospital,9.94,Epsom Hospital,19.29,Wexham Park,12.41,St Peters Hospital,9.94
TW6 3JE,51.458628,-0.468899,South,St Peters Hospital,9.87,Epsom Hospital,20.08,Wexham Park,11.59,St Peters Hospital,9.87
TW6 3JF,51.455727,-0.455395,South,St Peters Hospital,10.0,Epsom Hospital,19.22,Wexham Park,12.49,St Peters Hospital,10.0
TW6 3JG,51.45592,-0.454352,South,St Peters Hospital,10.06,Epsom Hospital,19.18,Wexham Park,12.53,St Peters Hospital,10.06
TW6 3JH,51.45592,-0.454352,South,St Peters Hospital,10.06,Epsom Hospital,19.18,Wexham Park,12.53,St Peters Hospital,10.06
TW6 3JJ,51.458913,-0.466538,South,St Peters Hospital,9.97,Epsom Hospital,20.0,Wexham Park,11.68,St Peters Hospital,9.97
TW6 3JL,51.458745,-0.466161,South,St Peters Hospital,9.96,Epsom Hospital,19.96,Wexham Park,11.72,St Peters Hospital,9.96
TW6 3JN,51.4608,-0.460348,South,St Peters Hospital,10.34,Epsom Hospital,19.87,Wexham Park,11.85,St Peters Hospital,10.34
TW6 3JP,51.460391,-0.463385,South,St Peters Hospital,10.21,Epsom Hospital,19.97,Wexham Park,11.73,St Peters Hospital,10.21
TW6 3JQ,51.460391,-0.463385,South,St Peters Hospital,10.21,Epsom Hospital,19.97,Wexham Park,11.73,St Peters Hospital,10.21
TW6 3JR,51.468267,-0.453762,South,St Peters Hospital,11.29,Epsom Hospital,20.21,Wexham Park,11.68,St Peters Hospital,11.29
TW6 3JS,51.458745,-0.466161,South,St Peters Hospital,9.96,Epsom Hospital,19.96,Wexham Park,11.72,St Peters Hospital,9.96
TW6 3JT,51.456178,-0.456876,South,St Peters Hospital,10.0,Epsom Hospital,19.32,Wexham Park,12.38,St Peters Hospital,10.0
TW6 3JU,51.455338,-0.455926,South,St Peters Hospital,9.95,Epsom Hospital,19.21,Wexham Park,12.49,St Peters Hospital,9.95
TW6 3JW,51.458745,-0.466161,South,St Peters Hospital,9.96,Epsom Hospital,19.96,Wexham Park,11.72,St Peters Hospital,9.96
TW6 3JX,51.458745,-0.466161,South,St Peters Hospital,9.96,Epsom Hospital,19.96,Wexham Park,11.72,St Peters Hospital,9.96
TW6 3JY,51.468267,-0.453762,South,St Peters Hospital,11.29,Epsom Hospital,20.21,Wexham Park,11.68,St Peters Hospital,11.29
TW6 3JZ,51.460391,-0.463385,South,St Peters Hospital,10.21,Epsom Hospital,19.97,Wexham Park,11.73,St Peters Hospital,10.21
TW6 3LA,51.46031,-0.464107,South,St Peters Hospital,10.18,Epsom Hospital,20.0,Wexham Park,11.7,St Peters Hospital,10.18
TW6 3LB,51.458745,-0.466161,South,St Peters Hospital,9.96,Epsom Hospital,19.96,Wexham Park,11.72,St Peters Hospital,9.96
TW6 3LD,51.460391,-0.463385,South,St Peters Hospital,10.21,Epsom Hospital,19.97,Wexham Park,11.73,St Peters Hospital,10.21
TW6 3LE,51.460391,-0.463385,South,St Peters Hospital,10.21,Epsom Hospital,19.97,Wexham Park,11.73,St Peters Hospital,10.21
TW6 3LF,51.460391,-0.463385,South,St Peters Hospital,10.21,Epsom Hospital,19.97,Wexham Park,11.73,St Peters Hospital,10.21
TW6 3LG,51.458745,-0.466161,South,St Peters Hospital,9.96,Epsom Hospital,19.96,Wexham Park,11.72,St Peters Hospital,9.96
TW6 3LJ,51.458745,-0.466161,South,St Peters Hospital,9.96,Epsom Hospital,19.96,Wexham Park,11.72,St Peters Hospital,9.96
TW6 3LL,51.458746,-0.466175,South,St Peters Hospital,9.96,Epsom Hospital,19.96,Wexham Park,11.72,St Peters Hospital,9.96
TW6 3LN,51.46031,-0.464107,South,St Peters Hospital,10.18,Epsom Hospital,20.0,Wexham Park,11.7,St Peters Hospital,10.18
TW6 3LP,51.460742,-0.437563,South,St Peters Hospital,11.12,Epsom Hospital,18.86,Kingston Hospital,11.97,St Peters Hospital,11.12
TW6 3LQ,51.46031,-0.464107,South,St Peters Hospital,10.18,Epsom Hospital,20.0,Wexham Park,11.7,St Peters Hospital,10.18
TW6 3LR,51.458745,-0.466161,South,St Peters Hospital,9.96,Epsom Hospital,19.96,Wexham Park,11.72,St Peters Hospital,9.96
TW6 3LS,51.458746,-0.466175,South,St Peters Hospital,9.96,Epsom Hospital,19.96,Wexham Park,11.72,St Peters Hospital,9.96
TW6 3LT,51.458745,-0.466161,South,St Peters Hospital,9.96,Epsom Hospital,19.96,Wexham Park,11.72,St Peters Hospital,9.96
TW6 3LU,51.460391,-0.463385,South,St Peters Hospital,10.21,Epsom Hospital,19.97,Wexham Park,11.73,St Peters Hospital,10.21
TW6 3LW,51.458642,-0.465113,South,St Peters Hospital,9.98,Epsom Hospital,19.91,Wexham Park,11.78,St Peters Hospital,9.98
TW6 3LX,51.468267,-0.453762,South,St Peters Hospital,11.29,Epsom Hospital,20.21,Wexham Park,11.68,St Peters Hospital,11.29
TW6 3LY,51.459321,-0.46273,South,St Peters Hospital,10.12,Epsom Hospital,19.85,Wexham Park,11.84,St Peters Hospital,10.12
TW6 3LZ,51.458745,-0.466161,South,St Peters Hospital,9.96,Epsom Hospital,19.96,Wexham Park,11.72,St Peters Hospital,9.96
TW6 3NA,51.460391,-0.463385,South,St Peters Hospital,10.21,Epsom Hospital,19.97,Wexham Park,11.73,St Peters Hospital,10.21
TW6 3NB,51.460391,-0.463385,South,St Peters Hospital,10.21,Epsom Hospital,19.97,Wexham Park,11.73,St Peters Hospital,10.21
TW6 3ND,51.458745,-0.466161,South,St Peters Hospital,9.96,Epsom Hospital,19.96,Wexham Park,11.72,St Peters Hospital,9.96
TW6 3NE,51.458745,-0.466161,South,St Peters Hospital,9.96,Epsom Hospital,19.96,Wexham Park,11.72,St Peters Hospital,9.96
TW6 3NF,51.460391,-0.463385,South,St Peters Hospital,10.21,Epsom Hospital,19.97,Wexham Park,11.73,St Peters Hospital,10.21
TW6 3NG,51.458745,-0.466161,South,St Peters Hospital,9.96,Epsom Hospital,19.96,Wexham Park,11.72,St Peters Hospital,9.96
TW6 3NH,51.461746,-0.468694,South,St Peters Hospital,10.2,Epsom Hospital,20.33,Wexham Park,11.36,St Peters Hospital,10.2
TW6 3NJ,51.458746,-0.466175,South,St Peters Hospital,9.96,Epsom Hospital,19.96,Wexham Park,11.72,St Peters Hospital,9.96
TW6 3NL,51.462379,-0.4759,South,St Peters Hospital,10.08,Epsom Hospital,20.72,Wexham Park,10.95,St Peters Hospital,10.08
TW6 3NN,51.460562,-0.471023,South,St Peters Hospital,10.01,Epsom Hospital,20.34,Wexham Park,11.33,St Peters Hospital,10.01
TW6 3NP,51.458745,-0.466161,South,St Peters Hospital,9.96,Epsom Hospital,19.96,Wexham Park,11.72,St Peters Hospital,9.96
TW6 3NQ,51.462483,-0.470743,South,St Peters Hospital,10.22,Epsom Hospital,20.49,Wexham Park,11.2,St Peters Hospital,10.22
TW6 3NR,51.458745,-0.466161,South,St Peters Hospital,9.96,Epsom Hospital,19.96,Wexham Park,11.72,St Peters Hospital,9.96
TW6 3NS,51.458745,-0.466161,South,St Peters Hospital,9.96,Epsom Hospital,19.96,Wexham Park,11.72,St Peters Hospital,9.96
TW6 3NT,51.46031,-0.464107,South,St Peters Hospital,10.18,Epsom Hospital,20.0,Wexham Park,11.7,St Peters Hospital,10.18
TW6 3NU,51.458746,-0.466175,South,St Peters Hospital,9.96,Epsom Hospital,19.96,Wexham Park,11.72,St Peters Hospital,9.96
TW6 3NW,51.458745,-0.466161,South,St Peters Hospital,9.96,Epsom Hospital,19.96,Wexham Park,11.72,St Peters Hospital,9.96
TW6 3NX,51.458746,-0.466175,South,St Peters Hospital,9.96,Epsom Hospital,19.96,Wexham Park,11.72,St Peters Hospital,9.96
TW6 3NY,51.458745,-0.466161,South,St Peters Hospital,9.96,Epsom Hospital,19.96,Wexham Park,11.72,St Peters Hospital,9.96
TW6 3NZ,51.458745,-0.466161,South,St Peters Hospital,9.96,Epsom Hospital,19.96,Wexham Park,11.72,St Peters Hospital,9.96
TW6 3PA,51.458984,-0.465879,South,St Peters Hospital,9.99,Epsom Hospital,19.97,Wexham Park,11.71,St Peters Hospital,9.99
TW6 3PB,51.459679,-0.440118,South,St Peters Hospital,10.93,Epsom Hospital,18.88,Kingston Hospital,12.08,St Peters Hospital,10.93
TW6 3PD,51.458745,-0.466161,South,St Peters Hospital,9.96,Epsom Hospital,19.96,Wexham Park,11.72,St Peters Hospital,9.96
TW6 3PE,51.470065,-0.453701,South,St Peters Hospital,11.47,Epsom Hospital,20.37,Wexham Park,11.56,St Peters Hospital,11.47
TW6 3PG,51.458745,-0.466161,South,St Peters Hospital,9.96,Epsom Hospital,19.96,Wexham Park,11.72,St Peters Hospital,9.96
TW6 3PH,51.45925,-0.451908,South,St Peters Hospital,10.46,Epsom Hospital,19.36,Wexham Park,12.41,St Peters Hospital,10.46
TW6 3PJ,51.458188,-0.439564,South,St Peters Hospital,10.81,Epsom Hospital,18.72,Kingston Hospital,11.98,St Peters Hospital,10.81
TW6 3PL,51.458745,-0.466161,South,St Peters Hospital,9.96,Epsom Hospital,19.96,Wexham Park,11.72,St Peters Hospital,9.96
TW6 3PN,51.459008,-0.469722,South,St Peters Hospital,9.89,Epsom Hospital,20.15,Wexham Park,11.52,St Peters Hospital,9.89
TW6 3PP,51.45819,-0.439708,South,St Peters Hospital,10.8,Epsom Hospital,18.73,Kingston Hospital,11.98,St Peters Hospital,10.8
TW6 3PQ,51.458745,-0.466161,South,St Peters Hospital,9.96,Epsom Hospital,19.96,Wexham Park,11.72,St Peters Hospital,9.96
TW6 3PR,51.459224,-0.471816,South,St Peters Hospital,9.85,Epsom Hospital,20.27,Wexham Park,11.4,St Peters Hospital,9.85
TW6 3PS,51.458745,-0.466161,South,St Peters Hospital,9.96,Epsom Hospital,19.96,Wexham Park,11.72,St Peters Hospital,9.96
TW6 3PT,51.458745,-0.466161,South,St Peters Hospital,9.96,Epsom Hospital,19.96,Wexham Park,11.72,St Peters Hospital,9.96
TW6 3PU,51.458745,-0.466161,South,St Peters Hospital,9.96,Epsom Hospital,19.96,Wexham Park,11.72,St Peters Hospital,9.96
TW6 3PW,51.45819,-0.439708,South,St Peters Hospital,10.8,Epsom Hospital,18.73,Kingston Hospital,11.98,St Peters Hospital,10.8
TW6 3PX,51.458188,-0.439564,South,St Peters Hospital,10.81,Epsom Hospital,18.72,Kingston Hospital,11.98,St Peters Hospital,10.81
TW6 3PY,51.46031,-0.464107,South,St Peters Hospital,10.18,Epsom Hospital,20.0,Wexham Park,11.7,St Peters Hospital,10.18
TW6 3PZ,51.458745,-0.466161,South,St Peters Hospital,9.96,Epsom Hospital,19.96,Wexham Park,11.72,St Peters Hospital,9.96
TW6 3QA,51.458642,-0.463055,South,St Peters Hospital,10.04,Epsom Hospital,19.81,Wexham Park,11.88,St Peters Hospital,10.04
TW6 3QF,51.458745,-0.466161,South,St Peters Hospital,9.96,Epsom Hospital,19.96,Wexham Park,11.72,St Peters Hospital,9.96
TW6 3QG,51.458973,-0.470514,South,St Peters Hospital,9.86,Epsom Hospital,20.19,Wexham Park,11.48,St Peters Hospital,9.86
TW6 3QH,51.458745,-0.466161,South,St Peters Hospital,9.96,Epsom Hospital,19.96,Wexham Park,11.72,St Peters Hospital,9.96
TW6 3QN,51.458746,-0.466175,South,St Peters Hospital,9.96,Epsom Hospital,19.96,Wexham Park,11.72,St Peters Hospital,9.96
TW6 3QP,51.458745,-0.466161,South,St Peters Hospital,9.96,Epsom Hospital,19.96,Wexham Park,11.72,St Peters Hospital,9.96
TW6 3QQ,51.458745,-0.466161,South,St Peters Hospital,9.96,Epsom Hospital,19.96,Wexham Park,11.72,St Peters Hospital,9.96
TW6 3QR,51.459025,-0.469649,South,St Peters Hospital,9.89,Epsom Hospital,20.15,Wexham Park,11.52,St Peters Hospital,9.89
TW6 3QW,51.458745,-0.466161,South,St Peters Hospital,9.96,Epsom Hospital,19.96,Wexham Park,11.72,St Peters Hospital,9.96
TW6 3QX,51.462483,-0.470743,South,St Peters Hospital,10.22,Epsom Hospital,20.49,Wexham Park,11.2,St Peters Hospital,10.22
TW6 3QY,51.458854,-0.469626,South,St Peters Hospital,9.88,Epsom Hospital,20.14,Wexham Park,11.54,St Peters Hospital,9.88
TW6 3QZ,51.458745,-0.466161,South,St Peters Hospital,9.96,Epsom Hospital,19.96,Wexham Park,11.72,St Peters Hospital,9.96
TW6 3RA,51.462492,-0.470728,South,St Peters Hospital,10.22,Epsom Hospital,20.49,Wexham Park,11.2,St Peters Hospital,10.22
TW6 3RB,51.462429,-0.468686,South,St Peters Hospital,10.27,Epsom Hospital,20.39,Wexham Park,11.31,St Peters Hospital,10.27
TW6 3RD,51.458745,-0.466161,South,St Peters Hospital,9.96,Epsom Hospital,19.96,Wexham Park,11.72,St Peters Hospital,9.96
TW6 3RF,51.455309,-0.446284,South,St Peters Hospital,10.29,Epsom Hospital,18.77,Kingston Hospital,12.28,St Peters Hospital,10.29
TW6 3RG,51.462429,-0.468686,South,St Peters Hospital,10.27,Epsom Hospital,20.39,Wexham Park,11.31,St Peters Hospital,10.27
TW6 3RH,51.45929,-0.454929,South,St Peters Hospital,10.36,Epsom Hospital,19.49,Wexham Park,12.25,St Peters Hospital,10.36
TW6 3RJ,51.460117,-0.470663,South,St Peters Hospital,9.98,Epsom Hospital,20.29,Wexham Park,11.39,St Peters Hospital,9.98
TW6 3RL,51.460391,-0.463385,South,St Peters Hospital,10.21,Epsom Hospital,19.97,Wexham Park,11.73,St Peters Hospital,10.21
TW6 3RN,51.461026,-0.470691,South,St Peters Hospital,10.07,Epsom Hospital,20.36,Wexham Park,11.31,St Peters Hospital,10.07
TW6 3RP,51.461284,-0.469833,South,St Peters Hospital,10.12,Epsom Hospital,20.34,Wexham Park,11.34,St Peters Hospital,10.12
TW6 3RQ,51.45929,-0.454929,South,St Peters Hospital,10.36,Epsom Hospital,19.49,Wexham Park,12.25,St Peters Hospital,10.36
TW6 3RS,51.45929,-0.454929,South,St Peters Hospital,10.36,Epsom Hospital,19.49,Wexham Park,12.25,St Peters Hospital,10.36
TW6 3RT,51.460117,-0.470663,South,St Peters Hospital,9.98,Epsom Hospital,20.29,Wexham Park,11.39,St Peters Hospital,9.98
TW6 3RU,51.468267,-0.453762,South,St Peters Hospital,11.29,Epsom Hospital,20.21,Wexham Park,11.68,St Peters Hospital,11.29
TW6 3RW,51.461897,-0.470661,South,St Peters Hospital,10.16,Epsom Hospital,20.43,Wexham Park,11.25,St Peters Hospital,10.16
TW6 3RX,51.458746,-0.466175,South,St Peters Hospital,9.96,Epsom Hospital,19.96,Wexham Park,11.72,St Peters Hospital,9.96
TW6 3RY,51.462429,-0.468686,South,St Peters Hospital,10.27,Epsom Hospital,20.39,Wexham Park,11.31,St Peters Hospital,10.27
TW6 3RZ,51.455299,-0.455726,South,St Peters Hospital,9.95,Epsom Hospital,19.2,Wexham Park,12.5,St Peters Hospital,9.95
TW6 3SA,51.460936,-0.474839,South,St Peters Hospital,9.95,Epsom Hospital,20.55,Wexham Park,11.12,St Peters Hospital,9.95
TW6 3SB,51.461215,-0.468698,South,St Peters Hospital,10.14,Epsom Hospital,20.29,Wexham Park,11.4,St Peters Hospital,10.14
TW6 3SD,51.461394,-0.474824,South,St Peters Hospital,10.0,Epsom Hospital,20.59,Wexham Park,11.08,St Peters Hospital,10.0
TW6 3SE,51.459224,-0.471816,South,St Peters Hospital,9.85,Epsom Hospital,20.27,Wexham Park,11.4,St Peters Hospital,9.85
TW6 3SF,51.461934,-0.474835,South,St Peters Hospital,10.06,Epsom Hospital,20.63,Wexham Park,11.04,St Peters Hospital,10.06
TW6 3SG,51.45592,-0.454352,South,St Peters Hospital,10.06,Epsom Hospital,19.18,Wexham Park,12.53,St Peters Hospital,10.06
TW6 3SH,51.462325,-0.475887,South,St Peters Hospital,10.07,Epsom Hospital,20.71,Wexham Park,10.96,St Peters Hospital,10.07
TW6 3SJ,51.461897,-0.470661,South,St Peters Hospital,10.16,Epsom Hospital,20.43,Wexham Park,11.25,St Peters Hospital,10.16
TW6 3SL,51.461647,-0.47481,South,St Peters Hospital,10.03,Epsom Hospital,20.61,Wexham Park,11.06,St Peters Hospital,10.03
TW6 3SN,51.461646,-0.47483,South,St Peters Hospital,10.03,Epsom Hospital,20.61,Wexham Park,11.06,St Peters Hospital,10.03
TW6 3SP,51.458745,-0.466161,South,St Peters Hospital,9.96,Epsom Hospital,19.96,Wexham Park,11.72,St Peters Hospital,9.96
TW6 3SQ,51.462618,-0.474913,South,St Peters Hospital,10.13,Epsom Hospital,20.69,Wexham Park,10.98,St Peters Hospital,10.13
TW6 3SR,51.458745,-0.466161,South,St Peters Hospital,9.96,Epsom Hospital,19.96,Wexham Park,11.72,St Peters Hospital,9.96
TW6 3SS,51.470065,-0.453701,South,St Peters Hospital,11.47,Epsom Hospital,20.37,Wexham Park,11.56,St Peters Hospital,11.47
TW6 3ST,51.458745,-0.466161,South,St Peters Hospital,9.96,Epsom Hospital,19.96,Wexham Park,11.72,St Peters Hospital,9.96
TW6 3SU,51.458745,-0.466161,South,St Peters Hospital,9.96,Epsom Hospital,19.96,Wexham Park,11.72,St Peters Hospital,9.96
TW6 3SW,51.458745,-0.466161,South,St Peters Hospital,9.96,Epsom Hospital,19.96,Wexham Park,11.72,St Peters Hospital,9.96
TW6 3SX,51.458745,-0.466161,South,St Peters Hospital,9.96,Epsom Hospital,19.96,Wexham Park,11.72,St Peters Hospital,9.96
TW6 3SY,51.461399,-0.436921,South,St Peters Hospital,11.21,Epsom Hospital,18.89,Kingston Hospital,11.96,St Peters Hospital,11.21
TW6 3SZ,51.470065,-0.453701,South,St Peters Hospital,11.47,Epsom Hospital,20.37,Wexham Park,11.56,St Peters Hospital,11.47
TW6 3TA,51.458745,-0.466161,South,St Peters Hospital,9.96,Epsom Hospital,19.96,Wexham Park,11.72,St Peters Hospital,9.96
TW6 3TB,51.458745,-0.466161,South,St Peters Hospital,9.96,Epsom Hospital,19.96,Wexham Park,11.72,St Peters Hospital,9.96
TW6 3TD,51.455394,-0.456097,South,St Peters Hospital,9.95,Epsom Hospital,19.22,Wexham Park,12.48,St Peters Hospital,9.95
TW6 3TE,51.455394,-0.456097,South,St Peters Hospital,9.95,Epsom Hospital,19.22,Wexham Park,12.48,St Peters Hospital,9.95
TW6 3TF,51.462729,-0.469626,South,St Peters Hospital,10.27,Epsom Hospital,20.45,Wexham Park,11.24,St Peters Hospital,10.27
TW6 3TG,51.461897,-0.470661,South,St Peters Hospital,10.16,Epsom Hospital,20.43,Wexham Park,11.25,St Peters Hospital,10.16
TW6 3TH,51.470065,-0.453701,South,St Peters Hospital,11.47,Epsom Hospital,20.37,Wexham Park,11.56,St Peters Hospital,11.47
TW6 3TJ,51.462729,-0.469626,South,St Peters Hospital,10.27,Epsom Hospital,20.45,Wexham Park,11.24,St Peters Hospital,10.27
TW6 3TL,51.470065,-0.453701,South,St Peters Hospital,11.47,Epsom Hospital,20.37,Wexham Park,11.56,St Peters Hospital,11.47
TW6 3TN,51.470065,-0.453701,South,St Peters Hospital,11.47,Epsom Hospital,20.37,Wexham Park,11.56,St Peters Hospital,11.47
TW6 3TP,51.458746,-0.466175,South,St Peters Hospital,9.96,Epsom Hospital,19.96,Wexham Park,11.72,St Peters Hospital,9.96
TW6 3TQ,51.470065,-0.453701,South,St Peters Hospital,11.47,Epsom Hospital,20.37,Wexham Park,11.56,St Peters Hospital,11.47
TW6 3TR,51.470065,-0.453701,South,St Peters Hospital,11.47,Epsom Hospital,20.37,Wexham Park,11.56,St Peters Hospital,11.47
TW6 3TS,51.470065,-0.453701,South,St Peters Hospital,11.47,Epsom Hospital,20.37,Wexham Park,11.56,St Peters Hospital,11.47
TW6 3TT,51.458745,-0.466161,South,St Peters Hospital,9.96,Epsom Hospital,19.96,Wexham Park,11.72,St Peters Hospital,9.96
TW6 3TU,51.461897,-0.470661,South,St Peters Hospital,10.16,Epsom Hospital,20.43,Wexham Park,11.25,St Peters Hospital,10.16
TW6 3TW,51.462492,-0.470728,South,St Peters Hospital,10.22,Epsom Hospital,20.49,Wexham Park,11.2,St Peters Hospital,10.22
TW6 3UA,51.461746,-0.468674,South,St Peters Hospital,10.2,Epsom Hospital,20.33,Wexham Park,11.36,St Peters Hospital,10.2
TW6 3US,51.462729,-0.469626,South,St Peters Hospital,10.27,Epsom Hospital,20.45,Wexham Park,11.24,St Peters Hospital,10.27
TW6 3UU,51.458745,-0.466161,South,St Peters Hospital,9.96,Epsom Hospital,19.96,Wexham Park,11.72,St Peters Hospital,9.96
TW6 3UW,51.458745,-0.466161,South,St Peters Hospital,9.96,Epsom Hospital,19.96,Wexham Park,11.72,St Peters Hospital,9.96
TW6 3UY,51.458745,-0.466161,South,St Peters Hospital,9.96,Epsom Hospital,19.96,Wexham Park,11.72,St Peters Hospital,9.96
TW6 3UZ,51.458745,-0.466161,South,St Peters Hospital,9.96,Epsom Hospital,19.96,Wexham Park,11.72,St Peters Hospital,9.96
TW6 3WA,51.459232,-0.471772,South,St Peters Hospital,9.86,Epsom Hospital,20.27,Wexham Park,11.4,St Peters Hospital,9.86
TW6 3XA,51.459667,-0.447353,South,St Peters Hospital,10.66,Epsom Hospital,19.19,Kingston Hospital,12.54,St Peters Hospital,10.66
TW6 3XB,51.459667,-0.447373,South,St Peters Hospital,10.66,Epsom Hospital,19.19,Kingston Hospital,12.54,St Peters Hospital,10.66
TW6 3XD,51.459258,-0.447704,South,St Peters Hospital,10.61,Epsom Hospital,19.17,Kingston Hospital,12.54,St Peters Hospital,10.61
TW6 3XE,51.459856,-0.447381,South,St Peters Hospital,10.68,Epsom Hospital,19.21,Kingston Hospital,12.55,St Peters Hospital,10.68
TW6 3XF,51.45978,-0.44773,South,St Peters Hospital,10.66,Epsom Hospital,19.22,Kingston Hospital,12.56,St Peters Hospital,10.66
TW6 3XG,51.45978,-0.44773,South,St Peters Hospital,10.66,Epsom Hospital,19.22,Kingston Hospital,12.56,St Peters Hospital,10.66
TW6 3XH,51.459258,-0.447704,South,St Peters Hospital,10.61,Epsom Hospital,19.17,Kingston Hospital,12.54,St Peters Hospital,10.61
TW6 3XJ,51.460981,-0.446811,South,St Peters Hospital,10.8,Epsom Hospital,19.28,Kingston Hospital,12.56,St Peters Hospital,10.8
TW6 3XL,51.455078,-0.449156,South,St Peters Hospital,10.16,Epsom Hospital,18.88,Kingston Hospital,12.46,St Peters Hospital,10.16
TW6 3XN,51.45876,-0.446123,South,St Peters Hospital,10.62,Epsom Hospital,19.06,Kingston Hospital,12.42,St Peters Hospital,10.62
TW6 3XP,51.459258,-0.447704,South,St Peters Hospital,10.61,Epsom Hospital,19.17,Kingston Hospital,12.54,St Peters Hospital,10.61
TW6 3XQ,51.459258,-0.447704,South,St Peters Hospital,10.61,Epsom Hospital,19.17,Kingston Hospital,12.54,St Peters Hospital,10.61
TW6 3XR,51.45978,-0.44773,South,St Peters Hospital,10.66,Epsom Hospital,19.22,Kingston Hospital,12.56,St Peters Hospital,10.66
TW6 3XS,51.45978,-0.44773,South,St Peters Hospital,10.66,Epsom Hospital,19.22,Kingston Hospital,12.56,St Peters Hospital,10.66
TW6 3XT,51.460981,-0.446811,South,St Peters Hospital,10.8,Epsom Hospital,19.28,Kingston Hospital,12.56,St Peters Hospital,10.8
TW6 3XU,51.454801,-0.447942,South,St Peters Hospital,10.18,Epsom Hospital,18.8,Kingston Hospital,12.37,St Peters Hospital,10.18
TW6 3XW,51.459258,-0.447704,South,St Peters Hospital,10.61,Epsom Hospital,19.17,Kingston Hospital,12.54,St Peters Hospital,10.61
TW6 3XX,51.459258,-0.447704,South,St Peters Hospital,10.61,Epsom Hospital,19.17,Kingston Hospital,12.54,St Peters Hospital,10.61
TW6 3XY,51.459258,-0.447704,South,St Peters Hospital,10.61,Epsom Hospital,19.17,Kingston Hospital,12.54,St Peters Hospital,10.61
TW6 3XZ,51.459258,-0.447704,South,St Peters Hospital,10.61,Epsom Hospital,19.17,Kingston Hospital,12.54,St Peters Hospital,10.61
TW6 3YA,51.45978,-0.44773,South,St Peters Hospital,10.66,Epsom Hospital,19.22,Kingston Hospital,12.56,St Peters Hospital,10.66
TW6 3YB,51.458981,-0.443107,South,St Peters Hospital,10.75,Epsom Hospital,18.95,Kingston Hospital,12.24,St Peters Hospital,10.75
TW6 3YD,51.459295,-0.445069,South,St Peters Hospital,10.71,Epsom Hospital,19.06,Kingston Hospital,12.37,St Peters Hospital,10.71
TW6 3YE,51.453977,-0.447495,South,St Peters Hospital,10.12,Epsom Hospital,18.71,Kingston Hospital,12.31,St Peters Hospital,10.12
TW6 3YF,51.455829,-0.445431,South,St Peters Hospital,10.37,Epsom Hospital,18.78,Kingston Hospital,12.25,St Peters Hospital,10.37
TW6 3YG,51.45978,-0.44773,South,St Peters Hospital,10.66,Epsom Hospital,19.22,Kingston Hospital,12.56,St Peters Hospital,10.66
TW6 3YH,51.454452,-0.448069,South,St Peters Hospital,10.14,Epsom Hospital,18.78,Kingston Hospital,12.36,St Peters Hospital,10.14
